,0,1,2,3,4,5,6,7,8,9,10,11,12,13,14,15,16,17,18,19,20,21,22,23,24,25,26,27,28,29,30,31,32,33,34,35,36,37,38,39,40,41,42,43,44,45,46,47,48,49,50,51,52,53,54,55,56,57,58,59,60,61,62,63,64
0,1.819e-12,1.819e-12,1.59162e-12,1.819e-12,2.50112e-12,2.95587e-12,2.7285e-12,3.41062e-12,2.95587e-12,3.18325e-12,2.27375e-12,3.18325e-12,2.95587e-12,3.63801e-12,2.7285e-12,2.50112e-12,3.63801e-12,3.86538e-12,3.63801e-12,4.5475e-12,3.41062e-12,4.32013e-12,3.18325e-12,2.95587e-12,3.63801e-12,3.63801e-12,3.86538e-12,3.41062e-12,3.86538e-12,3.18325e-12,3.63801e-12,3.86538e-12,3.86538e-12,3.63801e-12,4.32013e-12,4.32013e-12,4.32013e-12,4.09275e-12,4.5475e-12,5.00225e-12,4.77487e-12,5.68437e-12,5.00225e-12,5.22962e-12,5.457e-12,6.13912e-12,5.457e-12,6.13912e-12,5.91174e-12,5.68437e-12,5.22962e-12,5.91174e-12,4.32013e-12,3.86538e-12,1.0823e-10,5.85263e-10,5.92539e-10,5.05228e-10,7.59432e-10,7.63524e-10,8.4697e-10,8.84942e-10,1.16962e-09,1.32537e-09,5.45473e-10
1,2.50112e-12,1.819e-12,2.04638e-12,2.27375e-12,1.819e-12,3.41062e-12,2.50112e-12,2.95587e-12,3.18325e-12,2.95587e-12,2.27375e-12,2.7285e-12,2.95587e-12,2.95587e-12,2.95587e-12,3.63801e-12,3.41062e-12,2.95587e-12,3.41062e-12,3.18325e-12,2.95587e-12,3.63801e-12,3.63801e-12,4.09275e-12,3.41062e-12,3.18325e-12,2.95587e-12,2.95587e-12,2.95587e-12,2.50112e-12,3.63801e-12,3.18325e-12,3.63801e-12,3.18325e-12,4.32013e-12,3.86538e-12,4.09275e-12,4.5475e-12,4.77487e-12,4.77487e-12,4.5475e-12,5.22962e-12,4.77487e-12,5.22962e-12,5.457e-12,6.13912e-12,5.91174e-12,6.13912e-12,5.91174e-12,6.13912e-12,6.36649e-12,5.91174e-12,4.77487e-12,2.95587e-12,3.63801e-12,5.6912e-10,6.07091e-10,4.91585e-10,7.52838e-10,7.38059e-10,8.29235e-10,8.70845e-10,1.10573e-09,1.32719e-09,4.24281e-10
2,2.27375e-12,2.04638e-12,2.27375e-12,2.27375e-12,3.18325e-12,2.95587e-12,2.50112e-12,2.95587e-12,2.27375e-12,2.7285e-12,3.18325e-12,2.95587e-12,3.63801e-12,3.18325e-12,3.41062e-12,2.7285e-12,3.86538e-12,3.41062e-12,3.63801e-12,4.5475e-12,3.63801e-12,2.95587e-12,3.18325e-12,2.95587e-12,3.63801e-12,3.86538e-12,2.95587e-12,3.63801e-12,3.63801e-12,3.41062e-12,3.63801e-12,3.63801e-12,3.63801e-12,3.63801e-12,4.09275e-12,3.63801e-12,4.09275e-12,4.32013e-12,4.32013e-12,4.77487e-12,4.77487e-12,4.77487e-12,5.22962e-12,5.22962e-12,6.13912e-12,6.36649e-12,5.00225e-12,6.82124e-12,6.36649e-12,5.68437e-12,5.457e-12,5.91174e-12,5.457e-12,2.95587e-12,2.27375e-12,5.8299e-10,6.03908e-10,5.02727e-10,7.51019e-10,7.55339e-10,8.306e-10,8.76302e-10,1.10072e-09,1.32855e-09,3.71303e-10
3,1.819e-12,2.7285e-12,2.50112e-12,2.27375e-12,2.27375e-12,1.59162e-12,2.95587e-12,3.18325e-12,2.50112e-12,2.95587e-12,4.09275e-12,3.18325e-12,2.50112e-12,2.27375e-12,3.18325e-12,3.63801e-12,2.95587e-12,2.95587e-12,4.09275e-12,4.77487e-12,2.95587e-12,2.95587e-12,3.63801e-12,2.95587e-12,3.63801e-12,3.18325e-12,3.63801e-12,3.41062e-12,3.41062e-12,4.09275e-12,4.09275e-12,2.95587e-12,4.5475e-12,4.09275e-12,4.09275e-12,4.09275e-12,4.77487e-12,5.00225e-12,4.77487e-12,4.77487e-12,4.32013e-12,5.22962e-12,4.5475e-12,5.68437e-12,5.457e-12,5.91174e-12,5.68437e-12,5.00225e-12,5.457e-12,6.13912e-12,5.91174e-12,5.457e-12,5.457e-12,2.27375e-12,2.95587e-12,5.9595e-10,6.02089e-10,5.18643e-10,7.48745e-10,7.61705e-10,8.29235e-10,8.86306e-10,1.10118e-09,1.33173e-09,3.62435e-10
4,2.04638e-12,2.50112e-12,2.04638e-12,2.95587e-12,2.27375e-12,3.41062e-12,2.95587e-12,2.95587e-12,3.18325e-12,3.63801e-12,2.27375e-12,2.7285e-12,2.95587e-12,3.63801e-12,2.27375e-12,2.50112e-12,3.41062e-12,3.63801e-12,4.09275e-12,3.63801e-12,3.86538e-12,3.18325e-12,3.18325e-12,3.63801e-12,3.63801e-12,3.86538e-12,2.95587e-12,3.63801e-12,3.63801e-12,3.63801e-12,3.63801e-12,3.41062e-12,3.63801e-12,3.63801e-12,3.63801e-12,3.63801e-12,4.5475e-12,4.77487e-12,4.32013e-12,4.32013e-12,4.32013e-12,4.5475e-12,5.22962e-12,5.68437e-12,5.68437e-12,5.457e-12,5.68437e-12,5.457e-12,5.457e-12,7.04861e-12,6.13912e-12,5.00225e-12,5.00225e-12,2.7285e-12,2.27375e-12,5.85946e-10,6.01862e-10,5.08184e-10,7.49427e-10,7.55794e-10,8.30372e-10,8.7994e-10,1.10186e-09,1.32241e-09,3.5948e-10
5,2.27375e-12,1.819e-12,1.819e-12,2.50112e-12,2.27375e-12,3.18325e-12,2.04638e-12,2.04638e-12,4.32013e-12,2.95587e-12,4.32013e-12,3.63801e-12,2.95587e-12,3.41062e-12,2.7285e-12,3.63801e-12,3.41062e-12,2.95587e-12,3.63801e-12,4.32013e-12,3.63801e-12,3.63801e-12,3.41062e-12,2.50112e-12,3.63801e-12,2.95587e-12,3.63801e-12,3.41062e-12,3.18325e-12,3.18325e-12,3.18325e-12,3.41062e-12,3.18325e-12,3.63801e-12,4.5475e-12,3.86538e-12,4.09275e-12,4.5475e-12,5.22962e-12,4.77487e-12,4.77487e-12,5.00225e-12,5.457e-12,5.00225e-12,6.13912e-12,5.68437e-12,5.68437e-12,5.68437e-12,6.13912e-12,5.457e-12,5.457e-12,6.36649e-12,5.00225e-12,2.50112e-12,2.04638e-12,5.94586e-10,6.0459e-10,5.16142e-10,7.48972e-10,7.53975e-10,8.28781e-10,8.83123e-10,1.10231e-09,1.3281e-09,3.54477e-10
6,1.819e-12,1.819e-12,2.27375e-12,2.27375e-12,1.819e-12,2.27375e-12,2.27375e-12,3.41062e-12,2.95587e-12,2.7285e-12,3.41062e-12,2.95587e-12,3.63801e-12,3.41062e-12,3.41062e-12,2.95587e-12,3.41062e-12,3.86538e-12,4.09275e-12,2.95587e-12,4.32013e-12,3.63801e-12,3.63801e-12,2.95587e-12,3.86538e-12,3.18325e-12,2.95587e-12,3.18325e-12,3.18325e-12,3.86538e-12,3.63801e-12,3.41062e-12,3.63801e-12,4.32013e-12,3.86538e-12,4.32013e-12,4.09275e-12,3.86538e-12,5.22962e-12,4.32013e-12,5.00225e-12,5.457e-12,5.00225e-12,6.13912e-12,5.68437e-12,5.91174e-12,5.91174e-12,5.68437e-12,6.36649e-12,5.91174e-12,6.13912e-12,5.68437e-12,5.00225e-12,3.63801e-12,2.04638e-12,5.80943e-10,6.02999e-10,5.00226e-10,7.4829e-10,7.47608e-10,8.29008e-10,8.74028e-10,1.10095e-09,1.32855e-09,3.9927e-10
7,2.27375e-12,1.819e-12,2.27375e-12,2.50112e-12,2.7285e-12,3.18325e-12,1.819e-12,3.18325e-12,2.50112e-12,3.18325e-12,2.7285e-12,2.27375e-12,3.18325e-12,4.09275e-12,2.7285e-12,2.27375e-12,3.63801e-12,3.18325e-12,3.63801e-12,3.63801e-12,3.63801e-12,2.7285e-12,3.86538e-12,3.18325e-12,4.09275e-12,3.41062e-12,2.7285e-12,3.63801e-12,3.41062e-12,3.86538e-12,3.41062e-12,3.18325e-12,2.95587e-12,3.86538e-12,3.63801e-12,4.32013e-12,4.32013e-12,4.09275e-12,5.22962e-12,4.77487e-12,5.457e-12,4.77487e-12,5.457e-12,5.457e-12,5.68437e-12,6.13912e-12,5.457e-12,5.457e-12,6.13912e-12,6.13912e-12,5.457e-12,6.13912e-12,5.00225e-12,3.63801e-12,1.819e-12,5.64572e-10,6.49838e-10,4.834e-10,7.9422e-10,7.28054e-10,8.71982e-10,8.54701e-10,1.10322e-09,1.33151e-09,4.31784e-10
8,2.27375e-12,1.819e-12,2.27375e-12,2.27375e-12,2.50112e-12,2.27375e-12,2.7285e-12,3.18325e-12,2.95587e-12,2.7285e-12,2.50112e-12,2.50112e-12,3.63801e-12,3.63801e-12,3.63801e-12,1.819e-12,2.95587e-12,2.7285e-12,3.63801e-12,2.95587e-12,3.63801e-12,3.18325e-12,3.63801e-12,3.18325e-12,2.95587e-12,3.63801e-12,4.09275e-12,2.95587e-12,2.50112e-12,2.27375e-12,3.86538e-12,4.32013e-12,3.18325e-12,2.95587e-12,4.09275e-12,3.41062e-12,3.63801e-12,3.63801e-12,4.77487e-12,4.77487e-12,4.5475e-12,5.00225e-12,5.22962e-12,5.91174e-12,5.457e-12,6.36649e-12,5.457e-12,6.13912e-12,5.91174e-12,6.13912e-12,4.77487e-12,6.13912e-12,3.86538e-12,3.86538e-12,1.59162e-12,5.56387e-10,6.95767e-10,4.7385e-10,8.37876e-10,7.25098e-10,9.14955e-10,8.51745e-10,1.14461e-09,1.32855e-09,4.96815e-10
9,2.04638e-12,2.50112e-12,2.27375e-12,2.50112e-12,2.27375e-12,2.04638e-12,2.27375e-12,2.95587e-12,2.95587e-12,2.95587e-12,2.95587e-12,2.7285e-12,3.63801e-12,2.95587e-12,3.41062e-12,3.63801e-12,3.86538e-12,2.27375e-12,2.50112e-12,2.95587e-12,3.41062e-12,3.63801e-12,3.86538e-12,2.50112e-12,3.63801e-12,3.18325e-12,4.09275e-12,2.95587e-12,3.41062e-12,3.18325e-12,3.63801e-12,3.41062e-12,3.18325e-12,3.63801e-12,3.63801e-12,3.86538e-12,3.63801e-12,4.32013e-12,5.457e-12,5.68437e-12,5.22962e-12,4.77487e-12,5.22962e-12,4.77487e-12,5.457e-12,5.68437e-12,5.00225e-12,5.457e-12,6.13912e-12,5.68437e-12,5.68437e-12,6.13912e-12,4.5475e-12,3.63801e-12,2.27375e-13,5.5957e-10,7.04862e-10,4.79762e-10,8.40831e-10,7.24189e-10,9.18138e-10,8.51745e-10,1.15757e-09,1.33128e-09,6.64389e-10
10,1.819e-12,2.95587e-12,3.63801e-12,2.7285e-12,2.7285e-12,2.50112e-12,2.27375e-12,2.95587e-12,2.95587e-12,2.95587e-12,2.50112e-12,3.18325e-12,3.18325e-12,2.95587e-12,2.7285e-12,2.95587e-12,3.63801e-12,2.95587e-12,2.95587e-12,3.41062e-12,3.18325e-12,2.95587e-12,4.09275e-12,2.95587e-12,2.7285e-12,2.27375e-12,3.63801e-12,3.18325e-12,4.09275e-12,3.18325e-12,3.86538e-12,3.63801e-12,2.95587e-12,3.41062e-12,4.5475e-12,3.63801e-12,4.32013e-12,4.32013e-12,5.00225e-12,4.77487e-12,4.32013e-12,4.77487e-12,5.00225e-12,4.5475e-12,5.68437e-12,5.457e-12,5.91174e-12,5.457e-12,6.13912e-12,5.91174e-12,5.457e-12,5.00225e-12,2.95587e-12,3.41062e-12,-2.27375e-13,5.6389e-10,6.80306e-10,4.84537e-10,6.12776e-10,7.3533e-10,8.89944e-10,8.58794e-10,1.12482e-09,1.3281e-09,7.94447e-10
11,1.36425e-12,2.04638e-12,2.7285e-12,2.27375e-12,3.18325e-12,3.18325e-12,2.95587e-12,3.63801e-12,2.95587e-12,3.18325e-12,2.95587e-12,3.63801e-12,4.09275e-12,2.95587e-12,3.63801e-12,2.95587e-12,2.27375e-12,3.41062e-12,2.95587e-12,2.7285e-12,3.41062e-12,3.63801e-12,3.41062e-12,3.63801e-12,2.95587e-12,2.50112e-12,3.18325e-12,2.7285e-12,3.41062e-12,3.18325e-12,3.86538e-12,2.95587e-12,4.5475e-12,3.86538e-12,3.86538e-12,4.32013e-12,4.09275e-12,4.32013e-12,4.09275e-12,3.86538e-12,4.09275e-12,4.77487e-12,4.77487e-12,5.00225e-12,6.82124e-12,6.13912e-12,5.91174e-12,5.457e-12,5.91174e-12,5.22962e-12,5.457e-12,4.77487e-12,4.09275e-12,3.86538e-12,4.54751e-13,5.49566e-10,6.79623e-10,4.68621e-10,5.92539e-10,7.11456e-10,8.8858e-10,8.43333e-10,1.12437e-09,1.33378e-09,9.17229e-10
12,1.819e-12,2.50112e-12,2.04638e-12,2.50112e-12,2.7285e-12,2.27375e-12,3.86538e-12,2.95587e-12,3.18325e-12,3.63801e-12,3.18325e-12,3.63801e-12,3.18325e-12,2.7285e-12,3.63801e-12,2.95587e-12,2.95587e-12,2.95587e-12,2.27375e-12,4.09275e-12,3.63801e-12,3.18325e-12,2.27375e-12,3.41062e-12,2.50112e-12,3.18325e-12,2.95587e-12,3.63801e-12,2.95587e-12,3.63801e-12,3.63801e-12,2.50112e-12,3.86538e-12,3.86538e-12,3.63801e-12,3.86538e-12,4.77487e-12,3.86538e-12,3.86538e-12,4.09275e-12,5.22962e-12,4.32013e-12,5.68437e-12,4.32013e-12,6.59386e-12,5.457e-12,6.13912e-12,5.457e-12,6.82124e-12,6.13912e-12,6.13912e-12,4.5475e-12,4.77487e-12,2.27375e-12,4.54751e-13,5.50475e-10,6.91447e-10,4.75669e-10,6.05272e-10,7.20096e-10,9.05633e-10,8.3492e-10,1.13574e-09,1.324e-09,9.95449e-10
13,2.27375e-12,2.27375e-12,2.7285e-12,2.7285e-12,2.95587e-12,2.95587e-12,2.27375e-12,3.63801e-12,2.95587e-12,3.41062e-12,2.50112e-12,3.41062e-12,3.86538e-12,3.63801e-12,2.95587e-12,3.41062e-12,2.7285e-12,3.18325e-12,3.63801e-12,2.95587e-12,3.18325e-12,4.32013e-12,3.41062e-12,3.41062e-12,2.95587e-12,3.41062e-12,3.63801e-12,3.63801e-12,2.95587e-12,3.63801e-12,3.41062e-12,2.7285e-12,3.63801e-12,3.63801e-12,2.95587e-12,3.41062e-12,3.41062e-12,3.63801e-12,4.32013e-12,4.09275e-12,4.77487e-12,4.77487e-12,4.77487e-12,5.00225e-12,6.82124e-12,6.13912e-12,6.13912e-12,5.00225e-12,5.68437e-12,5.457e-12,6.13912e-12,4.32013e-12,5.457e-12,2.27375e-12,1.36425e-12,5.37515e-10,6.5052e-10,4.62935e-10,5.61162e-10,6.98268e-10,8.65615e-10,8.25597e-10,1.0989e-09,1.33128e-09,1.03274e-09
14,1.59162e-12,2.27375e-12,1.59162e-12,2.04638e-12,2.95587e-12,2.27375e-12,3.18325e-12,2.50112e-12,3.63801e-12,2.95587e-12,2.95587e-12,2.95587e-12,3.18325e-12,3.18325e-12,2.50112e-12,3.86538e-12,3.18325e-12,3.86538e-12,2.95587e-12,3.63801e-12,3.63801e-12,3.18325e-12,3.18325e-12,3.41062e-12,3.63801e-12,2.95587e-12,3.41062e-12,3.41062e-12,3.63801e-12,2.95587e-12,3.63801e-12,3.18325e-12,3.18325e-12,2.95587e-12,3.63801e-12,3.86538e-12,3.63801e-12,3.63801e-12,4.77487e-12,3.41062e-12,5.68437e-12,4.32013e-12,5.457e-12,4.32013e-12,7.04861e-12,5.00225e-12,6.13912e-12,4.77487e-12,5.91174e-12,5.68437e-12,5.91174e-12,5.22962e-12,5.457e-12,3.41062e-12,2.95587e-12,5.03181e-10,6.37559e-10,4.28601e-10,5.51612e-10,6.64617e-10,8.53564e-10,7.90582e-10,1.08731e-09,1.33264e-09,1.03729e-09
15,2.50112e-12,2.27375e-12,2.04638e-12,1.819e-12,2.7285e-12,2.95587e-12,3.63801e-12,2.27375e-12,3.18325e-12,2.50112e-12,3.41062e-12,2.7285e-12,2.95587e-12,4.32013e-12,3.63801e-12,3.41062e-12,2.95587e-12,3.41062e-12,3.41062e-12,2.7285e-12,2.7285e-12,3.63801e-12,3.41062e-12,3.63801e-12,3.63801e-12,3.86538e-12,3.63801e-12,4.09275e-12,3.63801e-12,3.63801e-12,4.32013e-12,2.7285e-12,3.86538e-12,4.09275e-12,4.09275e-12,3.41062e-12,4.32013e-12,4.32013e-12,4.09275e-12,4.09275e-12,4.32013e-12,4.09275e-12,4.5475e-12,5.457e-12,6.13912e-12,5.457e-12,6.59386e-12,5.457e-12,6.13912e-12,5.00225e-12,6.36649e-12,5.91174e-12,5.457e-12,2.7285e-12,1.819e-12,5.18188e-10,6.25963e-10,4.42471e-10,5.36151e-10,6.8167e-10,8.3924e-10,8.09226e-10,1.07821e-09,1.32287e-09,1.00386e-09
16,1.819e-12,2.27375e-12,1.819e-12,2.7285e-12,2.27375e-12,2.7285e-12,3.63801e-12,2.04638e-12,3.18325e-12,2.7285e-12,3.63801e-12,2.95587e-12,2.7285e-12,2.95587e-12,3.63801e-12,2.95587e-12,3.41062e-12,2.95587e-12,3.63801e-12,2.95587e-12,3.86538e-12,3.63801e-12,3.63801e-12,3.18325e-12,2.95587e-12,3.86538e-12,3.86538e-12,3.63801e-12,2.27375e-12,2.95587e-12,3.86538e-12,3.63801e-12,2.95587e-12,3.63801e-12,2.95587e-12,3.41062e-12,4.09275e-12,3.63801e-12,4.32013e-12,3.63801e-12,4.32013e-12,4.32013e-12,5.00225e-12,5.00225e-12,5.457e-12,5.68437e-12,5.457e-12,5.22962e-12,5.457e-12,5.457e-12,6.13912e-12,4.77487e-12,4.09275e-12,3.63801e-12,4.54751e-13,5.16142e-10,6.43698e-10,4.44972e-10,5.55477e-10,6.84398e-10,8.54929e-10,8.06498e-10,1.09254e-09,1.33037e-09,1.09186e-09
17,2.04638e-12,2.04638e-12,2.27375e-12,3.41062e-12,2.7285e-12,2.95587e-12,3.18325e-12,3.41062e-12,2.95587e-12,2.7285e-12,2.95587e-12,3.63801e-12,2.95587e-12,3.18325e-12,3.41062e-12,2.7285e-12,3.41062e-12,3.86538e-12,2.7285e-12,3.18325e-12,3.63801e-12,3.41062e-12,3.63801e-12,3.41062e-12,3.41062e-12,3.18325e-12,3.18325e-12,2.95587e-12,3.18325e-12,3.63801e-12,3.41062e-12,3.86538e-12,4.32013e-12,3.86538e-12,4.09275e-12,4.32013e-12,4.32013e-12,4.32013e-12,3.86538e-12,3.63801e-12,4.5475e-12,4.09275e-12,5.22962e-12,5.00225e-12,5.68437e-12,4.5475e-12,4.77487e-12,5.457e-12,6.59386e-12,4.77487e-12,5.22962e-12,5.22962e-12,4.5475e-12,3.86538e-12,4.54751e-13,5.07729e-10,6.52566e-10,4.3474e-10,5.61617e-10,6.77122e-10,8.61977e-10,8.02405e-10,1.09299e-09,1.33083e-09,1.17485e-09
18,2.27375e-12,2.7285e-12,1.819e-12,1.819e-12,2.95587e-12,2.95587e-12,1.819e-12,3.41062e-12,3.86538e-12,2.50112e-12,4.09275e-12,4.32013e-12,3.86538e-12,3.63801e-12,2.95587e-12,3.86538e-12,2.95587e-12,3.18325e-12,3.63801e-12,3.41062e-12,3.63801e-12,4.77487e-12,3.41062e-12,2.95587e-12,3.41062e-12,3.41062e-12,3.41062e-12,3.18325e-12,3.18325e-12,2.95587e-12,3.86538e-12,4.09275e-12,3.86538e-12,3.41062e-12,3.63801e-12,3.63801e-12,4.09275e-12,4.09275e-12,4.32013e-12,4.32013e-12,4.77487e-12,4.32013e-12,4.32013e-12,4.77487e-12,5.68437e-12,6.13912e-12,5.457e-12,5.00225e-12,5.457e-12,5.68437e-12,5.22962e-12,5.22962e-12,4.32013e-12,3.41062e-12,2.27375e-13,5.35241e-10,6.271e-10,4.5384e-10,5.36833e-10,6.93948e-10,8.36511e-10,8.23778e-10,1.06616e-09,1.33151e-09,1.22964e-09
19,2.04638e-12,1.59162e-12,2.27375e-12,2.27375e-12,2.27375e-12,2.50112e-12,2.7285e-12,2.95587e-12,3.18325e-12,3.63801e-12,3.41062e-12,2.27375e-12,3.18325e-12,3.41062e-12,3.41062e-12,4.09275e-12,3.63801e-12,3.63801e-12,3.41062e-12,2.7285e-12,4.09275e-12,3.41062e-12,3.18325e-12,4.32013e-12,3.86538e-12,3.63801e-12,2.95587e-12,3.63801e-12,3.63801e-12,3.63801e-12,3.63801e-12,3.63801e-12,3.63801e-12,3.63801e-12,2.95587e-12,4.77487e-12,4.32013e-12,4.32013e-12,2.95587e-12,4.32013e-12,3.86538e-12,3.86538e-12,5.00225e-12,4.77487e-12,5.457e-12,5.22962e-12,5.457e-12,5.22962e-12,5.00225e-12,4.5475e-12,5.457e-12,5.457e-12,3.86538e-12,3.63801e-12,6.82124e-13,5.07274e-10,6.39833e-10,4.37241e-10,5.52522e-10,6.75758e-10,8.46288e-10,7.99449e-10,1.06866e-09,1.32651e-09,1.28762e-09
20,1.59162e-12,2.04638e-12,2.27375e-12,2.50112e-12,2.27375e-12,3.41062e-12,2.7285e-12,2.95587e-12,3.18325e-12,3.41062e-12,2.27375e-12,3.18325e-12,2.7285e-12,3.63801e-12,2.95587e-12,3.63801e-12,3.41062e-12,3.41062e-12,4.09275e-12,3.41062e-12,4.09275e-12,3.86538e-12,3.63801e-12,3.18325e-12,3.18325e-12,2.50112e-12,3.63801e-12,2.50112e-12,3.41062e-12,3.41062e-12,2.95587e-12,3.18325e-12,2.95587e-12,4.32013e-12,4.09275e-12,3.86538e-12,3.63801e-12,3.86538e-12,3.41062e-12,3.63801e-12,4.77487e-12,3.63801e-12,4.5475e-12,4.32013e-12,5.22962e-12,5.00225e-12,5.00225e-12,5.22962e-12,5.22962e-12,4.77487e-12,5.00225e-12,4.77487e-12,3.86538e-12,4.32013e-12,-4.54751e-13,4.93404e-10,6.50292e-10,4.20188e-10,5.60252e-10,6.5393e-10,8.55383e-10,7.78304e-10,1.07708e-09,1.33105e-09,1.26489e-09
21,1.819e-12,1.819e-12,2.27375e-12,2.95587e-12,2.7285e-12,2.04638e-12,2.7285e-12,2.95587e-12,2.95587e-12,2.7285e-12,2.95587e-12,2.95587e-12,2.95587e-12,3.18325e-12,4.09275e-12,3.63801e-12,3.86538e-12,2.95587e-12,2.95587e-12,3.63801e-12,3.63801e-12,3.41062e-12,3.41062e-12,2.7285e-12,3.18325e-12,3.86538e-12,2.95587e-12,3.41062e-12,3.18325e-12,3.86538e-12,3.41062e-12,2.95587e-12,3.18325e-12,3.63801e-12,3.63801e-12,3.63801e-12,3.63801e-12,4.32013e-12,3.41062e-12,4.32013e-12,4.32013e-12,3.41062e-12,5.22962e-12,4.32013e-12,4.32013e-12,5.22962e-12,5.68437e-12,4.77487e-12,5.00225e-12,4.09275e-12,5.457e-12,5.91174e-12,4.32013e-12,2.27375e-12,4.54751e-13,5.18643e-10,6.60297e-10,4.41107e-10,5.72758e-10,6.82579e-10,8.70617e-10,8.05134e-10,1.09822e-09,1.3306e-09,1.30263e-09
22,2.7285e-12,2.7285e-12,2.7285e-12,3.18325e-12,2.04638e-12,1.819e-12,2.95587e-12,2.95587e-12,3.86538e-12,2.95587e-12,2.95587e-12,3.63801e-12,2.95587e-12,2.95587e-12,3.63801e-12,3.41062e-12,2.27375e-12,3.63801e-12,2.95587e-12,3.63801e-12,3.86538e-12,2.95587e-12,3.63801e-12,3.18325e-12,2.95587e-12,3.86538e-12,3.41062e-12,2.95587e-12,3.41062e-12,3.63801e-12,3.41062e-12,3.18325e-12,3.86538e-12,3.63801e-12,3.63801e-12,3.18325e-12,3.41062e-12,4.32013e-12,3.86538e-12,4.09275e-12,3.86538e-12,4.77487e-12,4.32013e-12,4.77487e-12,5.68437e-12,5.00225e-12,4.77487e-12,5.00225e-12,4.77487e-12,5.22962e-12,4.5475e-12,5.22962e-12,5.00225e-12,2.95587e-12,9.09502e-13,5.16597e-10,6.4529e-10,4.41334e-10,5.54341e-10,6.78032e-10,8.57884e-10,7.98767e-10,1.0864e-09,1.32855e-09,1.28126e-09
23,2.50112e-12,2.04638e-12,2.27375e-12,2.27375e-12,2.04638e-12,2.95587e-12,2.7285e-12,3.18325e-12,2.95587e-12,3.63801e-12,2.95587e-12,3.18325e-12,3.18325e-12,2.95587e-12,3.63801e-12,3.41062e-12,3.63801e-12,3.86538e-12,3.63801e-12,4.5475e-12,3.41062e-12,3.63801e-12,2.95587e-12,3.63801e-12,3.18325e-12,2.95587e-12,2.95587e-12,3.63801e-12,4.09275e-12,3.63801e-12,4.32013e-12,4.32013e-12,3.63801e-12,4.77487e-12,3.86538e-12,3.63801e-12,3.41062e-12,3.41062e-12,3.63801e-12,4.5475e-12,3.86538e-12,3.63801e-12,4.32013e-12,4.77487e-12,5.22962e-12,5.00225e-12,5.00225e-12,5.00225e-12,4.5475e-12,5.00225e-12,4.77487e-12,5.22962e-12,3.63801e-12,3.41062e-12,1.36425e-12,5.13413e-10,6.56431e-10,4.34968e-10,5.66619e-10,6.67345e-10,8.66752e-10,7.8899e-10,1.09527e-09,1.33196e-09,1.23897e-09
24,2.95587e-12,2.04638e-12,2.95587e-12,2.27375e-12,2.27375e-12,2.27375e-12,2.95587e-12,2.95587e-12,2.50112e-12,2.95587e-12,4.32013e-12,2.95587e-12,3.86538e-12,2.95587e-12,3.63801e-12,3.63801e-12,4.32013e-12,3.18325e-12,2.95587e-12,3.18325e-12,3.63801e-12,3.63801e-12,3.18325e-12,4.09275e-12,2.95587e-12,3.63801e-12,3.41062e-12,3.63801e-12,4.09275e-12,3.41062e-12,4.09275e-12,4.09275e-12,3.63801e-12,4.09275e-12,3.63801e-12,3.63801e-12,3.86538e-12,3.86538e-12,4.09275e-12,4.77487e-12,3.86538e-12,4.32013e-12,4.77487e-12,5.22962e-12,5.457e-12,5.22962e-12,3.86538e-12,5.00225e-12,5.00225e-12,5.22962e-12,5.91174e-12,4.77487e-12,3.63801e-12,3.18325e-12,2.27375e-12,5.54341e-10,6.16868e-10,4.78625e-10,5.33877e-10,7.11228e-10,8.19231e-10,8.24915e-10,1.05729e-09,1.33083e-09,1.27876e-09
25,2.27375e-12,9.09502e-13,2.95587e-12,2.27375e-12,3.41062e-12,2.7285e-12,2.7285e-12,2.95587e-12,3.18325e-12,3.18325e-12,4.32013e-12,2.95587e-12,3.18325e-12,3.63801e-12,3.63801e-12,4.09275e-12,3.63801e-12,4.32013e-12,3.41062e-12,3.63801e-12,3.63801e-12,3.63801e-12,4.09275e-12,4.09275e-12,3.18325e-12,3.41062e-12,3.86538e-12,3.86538e-12,3.86538e-12,3.86538e-12,3.63801e-12,3.63801e-12,3.86538e-12,4.09275e-12,3.86538e-12,4.32013e-12,3.86538e-12,4.32013e-12,3.41062e-12,4.32013e-12,4.32013e-12,4.09275e-12,4.32013e-12,5.457e-12,4.77487e-12,5.457e-12,4.5475e-12,5.457e-12,4.5475e-12,5.00225e-12,5.22962e-12,5.68437e-12,4.32013e-12,2.7285e-12,2.27375e-13,5.87537e-10,6.07091e-10,5.01135e-10,5.1887e-10,7.37376e-10,8.0809e-10,8.5311e-10,1.04479e-09,1.33378e-09,1.31809e-09
26,2.50112e-12,1.819e-12,1.59162e-12,2.95587e-12,1.819e-12,2.04638e-12,2.50112e-12,2.95587e-12,2.7285e-12,2.95587e-12,3.18325e-12,3.63801e-12,2.95587e-12,3.18325e-12,4.32013e-12,3.63801e-12,3.63801e-12,3.41062e-12,2.95587e-12,3.41062e-12,3.63801e-12,3.63801e-12,3.63801e-12,3.41062e-12,3.63801e-12,3.18325e-12,3.63801e-12,3.41062e-12,3.86538e-12,3.63801e-12,3.41062e-12,3.63801e-12,3.63801e-12,4.5475e-12,2.95587e-12,4.32013e-12,3.63801e-12,3.86538e-12,3.63801e-12,3.63801e-12,3.86538e-12,3.63801e-12,3.63801e-12,5.22962e-12,5.22962e-12,4.77487e-12,5.22962e-12,5.68437e-12,4.77487e-12,5.457e-12,4.77487e-12,4.77487e-12,3.41062e-12,2.95587e-12,6.82124e-13,6.05045e-10,6.12548e-10,5.28193e-10,5.23873e-10,7.66935e-10,8.1241e-10,8.77439e-10,1.04615e-09,1.33151e-09,1.39654e-09
27,2.7285e-12,2.95587e-12,2.27375e-12,2.95587e-12,2.7285e-12,2.27375e-12,2.27375e-12,2.50112e-12,2.95587e-12,3.41062e-12,2.95587e-12,3.18325e-12,3.63801e-12,2.7285e-12,2.95587e-12,4.09275e-12,3.63801e-12,2.7285e-12,4.09275e-12,3.63801e-12,3.63801e-12,3.86538e-12,3.63801e-12,3.63801e-12,3.63801e-12,3.18325e-12,4.5475e-12,3.86538e-12,4.09275e-12,4.09275e-12,3.41062e-12,3.63801e-12,4.09275e-12,3.86538e-12,4.32013e-12,3.86538e-12,3.41062e-12,4.32013e-12,3.86538e-12,3.86538e-12,4.32013e-12,4.77487e-12,4.5475e-12,4.32013e-12,4.77487e-12,5.22962e-12,4.77487e-12,4.77487e-12,5.457e-12,5.457e-12,5.457e-12,5.00225e-12,3.86538e-12,2.50112e-12,6.82124e-13,6.1755e-10,6.28919e-10,5.37742e-10,5.39334e-10,7.78986e-10,8.29235e-10,9.0245e-10,1.05707e-09,1.33378e-09,1.47703e-09
28,2.27375e-12,1.819e-12,1.59162e-12,2.27375e-12,2.7285e-12,3.18325e-12,2.27375e-12,2.95587e-12,2.50112e-12,2.95587e-12,4.09275e-12,3.18325e-12,3.41062e-12,3.63801e-12,3.18325e-12,4.09275e-12,3.63801e-12,3.86538e-12,3.63801e-12,4.32013e-12,2.95587e-12,4.32013e-12,3.41062e-12,4.09275e-12,2.7285e-12,2.95587e-12,2.7285e-12,4.09275e-12,3.86538e-12,4.32013e-12,4.09275e-12,2.95587e-12,4.09275e-12,4.32013e-12,3.63801e-12,4.32013e-12,3.63801e-12,3.63801e-12,3.63801e-12,3.63801e-12,4.09275e-12,4.09275e-12,4.5475e-12,4.77487e-12,5.00225e-12,4.77487e-12,4.32013e-12,5.457e-12,5.00225e-12,5.00225e-12,4.5475e-12,4.77487e-12,3.86538e-12,1.59162e-12,1.13688e-12,6.24599e-10,6.45745e-10,5.4229e-10,5.57296e-10,7.93083e-10,8.41286e-10,9.11317e-10,1.06525e-09,1.32696e-09,1.48794e-09
29,1.59162e-12,2.7285e-12,2.04638e-12,1.819e-12,2.7285e-12,2.27375e-12,2.7285e-12,2.95587e-12,3.63801e-12,2.95587e-12,2.95587e-12,3.41062e-12,3.41062e-12,3.63801e-12,2.7285e-12,3.63801e-12,3.63801e-12,4.32013e-12,2.95587e-12,3.18325e-12,4.09275e-12,4.09275e-12,3.63801e-12,3.63801e-12,4.09275e-12,4.32013e-12,3.63801e-12,3.63801e-12,3.41062e-12,4.32013e-12,4.5475e-12,4.5475e-12,3.63801e-12,4.09275e-12,3.63801e-12,3.63801e-12,3.63801e-12,3.86538e-12,3.63801e-12,3.86538e-12,3.63801e-12,4.5475e-12,4.32013e-12,5.22962e-12,5.457e-12,4.77487e-12,4.77487e-12,3.86538e-12,4.77487e-12,4.32013e-12,5.22962e-12,3.18325e-12,3.63801e-12,0.0,6.82124e-13,6.76213e-10,6.62116e-10,5.96632e-10,5.70939e-10,8.3924e-10,8.61295e-10,9.61798e-10,1.08026e-09,1.3331e-09,1.51636e-09
30,1.819e-12,1.819e-12,2.04638e-12,2.7285e-12,2.7285e-12,2.50112e-12,2.50112e-12,2.95587e-12,2.95587e-12,2.7285e-12,3.63801e-12,3.86538e-12,2.95587e-12,3.63801e-12,3.63801e-12,3.86538e-12,3.63801e-12,4.32013e-12,2.95587e-12,4.32013e-12,4.32013e-12,3.41062e-12,2.95587e-12,4.5475e-12,4.09275e-12,3.86538e-12,4.32013e-12,3.63801e-12,3.63801e-12,3.41062e-12,3.41062e-12,4.32013e-12,3.63801e-12,3.63801e-12,4.32013e-12,3.63801e-12,4.77487e-12,3.18325e-12,2.95587e-12,4.32013e-12,3.86538e-12,4.09275e-12,4.5475e-12,4.77487e-12,4.77487e-12,4.09275e-12,4.77487e-12,3.41062e-12,4.77487e-12,4.77487e-12,5.457e-12,3.18325e-12,4.5475e-12,-4.54751e-13,1.36425e-12,6.83716e-10,6.6348e-10,6.03453e-10,5.80261e-10,8.49926e-10,8.51291e-10,9.6589e-10,1.06684e-09,1.33355e-09,1.52318e-09
31,1.13688e-12,2.50112e-12,1.59162e-12,2.04638e-12,2.7285e-12,2.95587e-12,2.27375e-12,3.41062e-12,2.7285e-12,3.41062e-12,3.63801e-12,4.32013e-12,4.32013e-12,3.86538e-12,3.63801e-12,3.63801e-12,3.41062e-12,3.63801e-12,4.32013e-12,4.32013e-12,4.32013e-12,3.63801e-12,3.63801e-12,3.41062e-12,3.63801e-12,4.77487e-12,3.18325e-12,4.32013e-12,4.32013e-12,3.63801e-12,3.41062e-12,3.86538e-12,4.09275e-12,4.32013e-12,3.63801e-12,4.09275e-12,2.95587e-12,4.32013e-12,4.32013e-12,3.63801e-12,4.09275e-12,3.86538e-12,4.5475e-12,4.09275e-12,5.457e-12,3.41062e-12,5.22962e-12,4.32013e-12,5.22962e-12,3.63801e-12,5.457e-12,2.95587e-12,3.63801e-12,0.0,4.54751e-13,6.66436e-10,6.70301e-10,5.9163e-10,5.88901e-10,8.33101e-10,8.54929e-10,9.43153e-10,1.06844e-09,1.33037e-09,1.5084e-09
32,1.13688e-12,1.819e-12,1.819e-12,2.50112e-12,2.27375e-12,2.7285e-12,2.27375e-12,3.41062e-12,3.41062e-12,3.63801e-12,3.41062e-12,3.63801e-12,3.18325e-12,2.7285e-12,4.32013e-12,3.63801e-12,4.09275e-12,3.41062e-12,4.09275e-12,3.63801e-12,3.63801e-12,3.63801e-12,3.63801e-12,3.63801e-12,3.63801e-12,4.09275e-12,4.32013e-12,3.86538e-12,3.63801e-12,4.09275e-12,4.32013e-12,4.09275e-12,3.63801e-12,4.09275e-12,3.63801e-12,3.86538e-12,3.18325e-12,4.09275e-12,4.32013e-12,3.63801e-12,4.32013e-12,3.63801e-12,4.77487e-12,4.32013e-12,5.22962e-12,4.09275e-12,4.32013e-12,2.95587e-12,4.5475e-12,3.86538e-12,5.00225e-12,3.63801e-12,3.41062e-12,4.54751e-13,9.09502e-13,6.36877e-10,6.8599e-10,5.54795e-10,5.98224e-10,7.9763e-10,8.76984e-10,9.12227e-10,1.07821e-09,1.33128e-09,1.4934e-09
33,1.819e-12,1.819e-12,1.59162e-12,1.819e-12,2.7285e-12,2.27375e-12,2.50112e-12,3.18325e-12,3.63801e-12,3.63801e-12,4.32013e-12,3.63801e-12,3.18325e-12,3.63801e-12,3.63801e-12,2.95587e-12,3.63801e-12,4.32013e-12,3.63801e-12,3.63801e-12,3.63801e-12,3.63801e-12,3.63801e-12,3.18325e-12,4.09275e-12,4.09275e-12,3.63801e-12,3.86538e-12,3.63801e-12,4.09275e-12,4.09275e-12,4.32013e-12,4.32013e-12,4.32013e-12,3.18325e-12,3.63801e-12,3.63801e-12,3.63801e-12,3.18325e-12,3.41062e-12,4.09275e-12,4.32013e-12,4.77487e-12,3.63801e-12,5.00225e-12,5.00225e-12,5.00225e-12,2.95587e-12,5.457e-12,4.32013e-12,5.00225e-12,3.63801e-12,3.63801e-12,9.09502e-13,-2.27375e-13,6.32784e-10,7.0327e-10,5.55932e-10,6.13912e-10,8.00132e-10,8.94946e-10,9.21322e-10,1.10141e-09,1.33424e-09,1.49203e-09
34,2.7285e-12,1.59162e-12,2.27375e-12,2.04638e-12,1.59162e-12,3.63801e-12,2.95587e-12,3.18325e-12,3.63801e-12,3.86538e-12,4.32013e-12,3.41062e-12,3.63801e-12,3.41062e-12,3.18325e-12,4.32013e-12,4.09275e-12,3.86538e-12,4.32013e-12,3.86538e-12,4.5475e-12,4.5475e-12,4.32013e-12,3.18325e-12,3.18325e-12,3.18325e-12,4.09275e-12,3.86538e-12,4.77487e-12,3.63801e-12,4.32013e-12,4.32013e-12,4.5475e-12,3.63801e-12,4.32013e-12,3.63801e-12,4.09275e-12,3.86538e-12,3.86538e-12,4.09275e-12,4.32013e-12,4.09275e-12,4.09275e-12,4.77487e-12,4.09275e-12,3.86538e-12,4.09275e-12,4.32013e-12,4.09275e-12,3.86538e-12,4.32013e-12,4.09275e-12,2.50112e-12,9.09502e-13,-6.82124e-13,6.58705e-10,7.17595e-10,5.75032e-10,6.22098e-10,8.18094e-10,9.13818e-10,9.37924e-10,1.11573e-09,1.32605e-09,1.51341e-09
35,2.04638e-12,2.27375e-12,2.27375e-12,2.04638e-12,2.95587e-12,2.50112e-12,2.50112e-12,3.63801e-12,3.63801e-12,2.95587e-12,2.95587e-12,3.41062e-12,3.18325e-12,2.95587e-12,3.18325e-12,4.32013e-12,4.32013e-12,3.41062e-12,3.63801e-12,3.86538e-12,3.63801e-12,2.95587e-12,4.32013e-12,3.63801e-12,3.63801e-12,4.09275e-12,3.63801e-12,4.32013e-12,3.86538e-12,3.86538e-12,4.32013e-12,3.86538e-12,3.18325e-12,4.09275e-12,4.09275e-12,4.09275e-12,3.63801e-12,3.86538e-12,3.86538e-12,4.32013e-12,4.32013e-12,3.63801e-12,3.86538e-12,4.32013e-12,4.32013e-12,4.5475e-12,4.32013e-12,4.77487e-12,4.77487e-12,4.77487e-12,4.32013e-12,3.63801e-12,1.13688e-12,2.27375e-13,-1.59162e-12,6.48701e-10,7.22597e-10,5.67528e-10,6.30283e-10,8.12182e-10,9.14728e-10,9.27916e-10,1.12141e-09,1.31673e-09,1.53569e-09
36,2.27375e-12,2.04638e-12,1.819e-12,1.819e-12,2.27375e-12,2.95587e-12,3.18325e-12,2.95587e-12,3.41062e-12,3.41062e-12,2.95587e-12,2.95587e-12,3.86538e-12,2.7285e-12,3.41062e-12,3.41062e-12,3.63801e-12,4.5475e-12,4.32013e-12,3.86538e-12,4.32013e-12,5.00225e-12,3.63801e-12,3.63801e-12,3.86538e-12,3.86538e-12,3.63801e-12,3.63801e-12,4.32013e-12,4.32013e-12,3.41062e-12,4.09275e-12,4.09275e-12,4.32013e-12,3.86538e-12,4.5475e-12,3.86538e-12,4.32013e-12,3.63801e-12,4.32013e-12,4.09275e-12,4.5475e-12,4.32013e-12,5.22962e-12,4.77487e-12,4.77487e-12,3.63801e-12,5.00225e-12,3.63801e-12,4.77487e-12,4.09275e-12,4.09275e-12,1.819e-12,4.54751e-13,-9.09502e-13,6.70983e-10,7.32374e-10,5.9163e-10,6.32102e-10,8.28098e-10,9.14955e-10,9.42698e-10,1.10527e-09,1.27466e-09,1.53205e-09
37,2.27375e-12,2.27375e-12,1.59162e-12,1.819e-12,2.7285e-12,2.50112e-12,2.27375e-12,3.63801e-12,3.18325e-12,3.41062e-12,2.7285e-12,3.63801e-12,3.63801e-12,4.32013e-12,2.27375e-12,3.63801e-12,3.86538e-12,3.63801e-12,2.95587e-12,4.09275e-12,4.32013e-12,4.5475e-12,3.63801e-12,2.95587e-12,3.63801e-12,3.86538e-12,3.63801e-12,4.09275e-12,3.63801e-12,3.63801e-12,4.32013e-12,3.86538e-12,3.63801e-12,4.09275e-12,4.32013e-12,4.77487e-12,4.32013e-12,4.5475e-12,4.09275e-12,4.32013e-12,4.32013e-12,5.00225e-12,3.41062e-12,4.77487e-12,4.77487e-12,4.77487e-12,3.63801e-12,4.77487e-12,3.18325e-12,5.457e-12,2.95587e-12,4.32013e-12,1.36425e-12,-1.13688e-12,-1.36425e-12,7.15776e-10,7.66708e-10,6.37332e-10,6.66208e-10,8.66752e-10,9.47701e-10,9.78169e-10,1.12687e-09,1.28399e-09,1.54092e-09
38,1.819e-12,1.59162e-12,2.95587e-12,2.04638e-12,2.95587e-12,2.7285e-12,3.41062e-12,3.18325e-12,3.86538e-12,3.63801e-12,3.18325e-12,3.18325e-12,3.41062e-12,3.63801e-12,3.63801e-12,3.41062e-12,2.95587e-12,4.5475e-12,3.86538e-12,4.32013e-12,3.86538e-12,4.09275e-12,3.63801e-12,3.86538e-12,2.95587e-12,4.32013e-12,3.63801e-12,2.95587e-12,4.32013e-12,3.63801e-12,3.63801e-12,3.86538e-12,4.32013e-12,4.77487e-12,4.5475e-12,4.09275e-12,4.09275e-12,4.77487e-12,3.86538e-12,4.77487e-12,4.5475e-12,4.77487e-12,3.63801e-12,6.13912e-12,4.09275e-12,5.00225e-12,4.32013e-12,4.32013e-12,4.09275e-12,4.32013e-12,3.86538e-12,4.09275e-12,2.27375e-12,-6.82124e-13,-6.82124e-13,7.17367e-10,7.00997e-10,6.41425e-10,6.00952e-10,8.68344e-10,8.90171e-10,9.69756e-10,1.08458e-09,1.28694e-09,1.56775e-09
39,2.04638e-12,1.36425e-12,2.95587e-12,1.819e-12,2.27375e-12,2.95587e-12,2.95587e-12,3.18325e-12,3.63801e-12,3.63801e-12,3.63801e-12,3.63801e-12,3.86538e-12,3.86538e-12,3.18325e-12,4.09275e-12,3.41062e-12,4.5475e-12,3.63801e-12,4.09275e-12,3.63801e-12,4.77487e-12,3.63801e-12,4.5475e-12,4.32013e-12,4.32013e-12,3.63801e-12,4.32013e-12,3.41062e-12,4.32013e-12,4.32013e-12,4.09275e-12,4.77487e-12,3.63801e-12,4.32013e-12,4.32013e-12,3.63801e-12,5.22962e-12,4.09275e-12,5.457e-12,4.32013e-12,4.77487e-12,4.5475e-12,5.22962e-12,4.32013e-12,4.77487e-12,4.32013e-12,4.77487e-12,4.32013e-12,4.77487e-12,4.09275e-12,4.09275e-12,2.27375e-12,-9.09502e-13,-9.09502e-13,7.22142e-10,6.96449e-10,6.47109e-10,6.02089e-10,8.65388e-10,8.8858e-10,9.7112e-10,1.08708e-09,1.28535e-09,1.55274e-09
40,6.82124e-13,2.95587e-12,1.59162e-12,2.27375e-12,2.50112e-12,3.63801e-12,2.7285e-12,4.09275e-12,3.18325e-12,3.63801e-12,3.63801e-12,3.63801e-12,4.32013e-12,4.32013e-12,4.32013e-12,3.63801e-12,3.63801e-12,4.32013e-12,3.18325e-12,4.77487e-12,4.5475e-12,4.77487e-12,3.63801e-12,3.41062e-12,4.09275e-12,3.63801e-12,3.63801e-12,4.32013e-12,3.86538e-12,4.32013e-12,4.32013e-12,4.09275e-12,3.86538e-12,4.5475e-12,4.77487e-12,4.77487e-12,3.86538e-12,4.32013e-12,4.77487e-12,4.77487e-12,3.86538e-12,5.457e-12,4.32013e-12,4.77487e-12,5.22962e-12,4.77487e-12,4.32013e-12,4.77487e-12,4.32013e-12,4.32013e-12,3.41062e-12,3.86538e-12,2.27375e-12,-6.82124e-13,-1.36425e-12,7.04407e-10,7.28509e-10,6.28919e-10,6.271e-10,8.44924e-10,9.11545e-10,9.4952e-10,1.09777e-09,1.28012e-09,1.51545e-09
41,1.819e-12,2.27375e-12,1.36425e-12,2.27375e-12,2.50112e-12,2.7285e-12,2.95587e-12,3.63801e-12,2.95587e-12,3.63801e-12,3.18325e-12,4.32013e-12,2.95587e-12,4.5475e-12,4.09275e-12,4.09275e-12,4.32013e-12,4.32013e-12,4.32013e-12,4.32013e-12,4.32013e-12,4.32013e-12,4.5475e-12,4.32013e-12,3.41062e-12,3.63801e-12,4.09275e-12,4.77487e-12,3.63801e-12,3.86538e-12,3.41062e-12,4.09275e-12,4.32013e-12,4.09275e-12,4.5475e-12,5.00225e-12,4.77487e-12,4.32013e-12,4.09275e-12,4.5475e-12,4.32013e-12,4.32013e-12,3.63801e-12,5.22962e-12,4.5475e-12,5.457e-12,4.77487e-12,4.32013e-12,4.09275e-12,4.77487e-12,4.5475e-12,3.63801e-12,2.27375e-12,-4.54751e-13,-2.04638e-12,6.59615e-10,7.43288e-10,5.77078e-10,6.48928e-10,8.04679e-10,9.26324e-10,9.09044e-10,1.10709e-09,1.28467e-09,1.56093e-09
42,1.59162e-12,2.27375e-12,1.59162e-12,2.27375e-12,2.95587e-12,2.95587e-12,2.7285e-12,4.32013e-12,3.41062e-12,3.63801e-12,3.86538e-12,3.63801e-12,4.09275e-12,4.09275e-12,4.32013e-12,3.63801e-12,3.86538e-12,4.32013e-12,3.18325e-12,4.5475e-12,4.32013e-12,4.09275e-12,3.63801e-12,4.32013e-12,3.86538e-12,3.86538e-12,3.63801e-12,4.32013e-12,4.32013e-12,4.77487e-12,4.09275e-12,4.32013e-12,3.86538e-12,4.5475e-12,4.77487e-12,4.09275e-12,4.32013e-12,4.32013e-12,4.5475e-12,3.63801e-12,4.32013e-12,4.77487e-12,4.5475e-12,4.77487e-12,4.32013e-12,4.32013e-12,4.09275e-12,4.32013e-12,5.00225e-12,4.32013e-12,4.32013e-12,4.32013e-12,1.819e-12,0.0,-1.36425e-12,6.33239e-10,7.68527e-10,5.54341e-10,6.69846e-10,7.74893e-10,9.45427e-10,8.78348e-10,1.11732e-09,1.26216e-09,1.53387e-09
43,2.04638e-12,2.27375e-12,1.13688e-12,2.95587e-12,2.27375e-12,3.63801e-12,2.95587e-12,3.18325e-12,3.18325e-12,2.95587e-12,2.95587e-12,4.09275e-12,4.09275e-12,4.5475e-12,4.09275e-12,3.86538e-12,2.95587e-12,4.77487e-12,3.63801e-12,4.32013e-12,3.63801e-12,5.00225e-12,3.63801e-12,3.86538e-12,3.63801e-12,4.32013e-12,3.63801e-12,4.09275e-12,3.63801e-12,4.32013e-12,4.32013e-12,4.77487e-12,3.63801e-12,3.86538e-12,4.77487e-12,4.32013e-12,4.5475e-12,4.32013e-12,4.5475e-12,4.5475e-12,5.22962e-12,4.32013e-12,4.77487e-12,4.32013e-12,5.22962e-12,4.32013e-12,4.5475e-12,5.00225e-12,5.457e-12,4.32013e-12,4.09275e-12,3.86538e-12,2.27375e-12,9.09502e-13,-2.27375e-12,6.34831e-10,7.76712e-10,5.55023e-10,6.78259e-10,7.6648e-10,9.46109e-10,8.72209e-10,1.11277e-09,1.26352e-09,1.53819e-09
44,1.59162e-12,1.36425e-12,2.50112e-12,1.819e-12,2.27375e-12,3.41062e-12,1.819e-12,2.95587e-12,3.63801e-12,4.32013e-12,2.50112e-12,4.5475e-12,3.86538e-12,4.32013e-12,2.95587e-12,4.32013e-12,3.18325e-12,4.32013e-12,3.86538e-12,4.32013e-12,3.86538e-12,4.32013e-12,4.09275e-12,4.32013e-12,3.41062e-12,4.09275e-12,3.63801e-12,4.32013e-12,4.32013e-12,4.77487e-12,3.41062e-12,4.5475e-12,4.32013e-12,5.00225e-12,4.77487e-12,4.77487e-12,3.63801e-12,4.32013e-12,5.00225e-12,4.32013e-12,4.5475e-12,4.32013e-12,4.77487e-12,4.77487e-12,5.00225e-12,4.32013e-12,4.77487e-12,4.32013e-12,5.00225e-12,4.32013e-12,4.32013e-12,3.86538e-12,2.95587e-12,0.0,-2.04638e-12,6.11866e-10,7.55112e-10,5.41835e-10,6.66891e-10,7.4829e-10,9.25187e-10,8.35829e-10,1.08253e-09,1.26057e-09,1.54115e-09
45,1.59162e-12,1.59162e-12,2.50112e-12,2.27375e-12,2.7285e-12,2.04638e-12,2.95587e-12,2.7285e-12,4.32013e-12,2.27375e-12,4.5475e-12,4.32013e-12,3.63801e-12,3.86538e-12,4.09275e-12,4.09275e-12,4.32013e-12,4.32013e-12,3.63801e-12,4.77487e-12,4.5475e-12,4.09275e-12,4.32013e-12,3.86538e-12,4.32013e-12,4.32013e-12,3.86538e-12,4.32013e-12,3.63801e-12,4.09275e-12,3.41062e-12,4.5475e-12,4.5475e-12,4.09275e-12,3.86538e-12,4.32013e-12,4.5475e-12,4.32013e-12,4.5475e-12,5.00225e-12,4.32013e-12,3.86538e-12,4.32013e-12,4.09275e-12,5.457e-12,3.63801e-12,4.32013e-12,4.09275e-12,5.457e-12,3.63801e-12,4.5475e-12,3.63801e-12,2.27375e-12,2.27375e-13,-2.04638e-12,5.74349e-10,7.56021e-10,5.04773e-10,6.65754e-10,6.99405e-10,9.23823e-10,7.81942e-10,1.08344e-09,1.25875e-09,1.51659e-09
46,2.7285e-12,2.7285e-12,2.95587e-12,1.819e-12,2.95587e-12,2.27375e-12,3.63801e-12,2.95587e-12,4.09275e-12,4.09275e-12,4.09275e-12,3.63801e-12,4.09275e-12,3.41062e-12,4.32013e-12,3.63801e-12,3.63801e-12,4.09275e-12,3.86538e-12,4.09275e-12,4.5475e-12,4.5475e-12,3.86538e-12,3.63801e-12,3.63801e-12,4.77487e-12,3.63801e-12,4.09275e-12,4.09275e-12,4.09275e-12,4.5475e-12,4.77487e-12,5.457e-12,3.41062e-12,4.77487e-12,4.09275e-12,4.32013e-12,4.32013e-12,4.77487e-12,4.5475e-12,4.32013e-12,4.32013e-12,5.22962e-12,3.63801e-12,5.457e-12,4.32013e-12,4.77487e-12,3.63801e-12,4.77487e-12,3.63801e-12,4.32013e-12,3.63801e-12,2.95587e-12,6.82124e-13,-2.50112e-12,5.1546e-10,7.23961e-10,4.53158e-10,6.33467e-10,6.28464e-10,8.97902e-10,7.0759e-10,1.05775e-09,1.26239e-09,1.52091e-09
47,2.27375e-12,1.59162e-12,1.819e-12,2.95587e-12,2.95587e-12,2.27375e-12,3.41062e-12,4.09275e-12,4.09275e-12,3.63801e-12,3.63801e-12,4.5475e-12,4.32013e-12,4.32013e-12,4.32013e-12,3.86538e-12,3.63801e-12,4.32013e-12,4.32013e-12,3.86538e-12,4.32013e-12,4.5475e-12,4.77487e-12,4.32013e-12,4.09275e-12,3.63801e-12,4.32013e-12,3.41062e-12,3.63801e-12,3.86538e-12,4.77487e-12,4.5475e-12,4.5475e-12,4.32013e-12,4.32013e-12,4.32013e-12,4.32013e-12,4.09275e-12,4.77487e-12,4.09275e-12,4.32013e-12,3.63801e-12,4.77487e-12,3.63801e-12,5.00225e-12,3.63801e-12,4.77487e-12,3.86538e-12,5.00225e-12,3.86538e-12,5.22962e-12,2.27375e-12,3.63801e-12,1.819e-12,-9.09502e-13,4.62025e-10,6.61888e-10,4.03817e-10,5.71621e-10,5.69802e-10,8.36284e-10,6.42562e-10,1.00682e-09,1.24056e-09,1.52477e-09
48,1.819e-12,2.50112e-12,2.04638e-12,2.95587e-12,2.27375e-12,2.50112e-12,3.63801e-12,3.41062e-12,3.63801e-12,3.86538e-12,3.86538e-12,4.32013e-12,3.63801e-12,3.41062e-12,4.5475e-12,4.32013e-12,4.32013e-12,4.09275e-12,4.5475e-12,4.32013e-12,4.32013e-12,4.32013e-12,4.32013e-12,3.86538e-12,4.09275e-12,3.63801e-12,4.77487e-12,3.86538e-12,4.5475e-12,3.86538e-12,4.32013e-12,4.32013e-12,3.86538e-12,4.5475e-12,5.00225e-12,4.77487e-12,4.32013e-12,3.18325e-12,4.32013e-12,3.18325e-12,4.09275e-12,3.63801e-12,3.63801e-12,3.63801e-12,3.63801e-12,4.09275e-12,4.32013e-12,3.63801e-12,4.32013e-12,3.63801e-12,3.63801e-12,2.7285e-12,2.27375e-12,1.59162e-12,-2.04638e-12,3.89948e-10,7.09182e-10,3.34923e-10,6.17096e-10,4.89312e-10,8.70617e-10,5.58888e-10,1.00955e-09,1.24829e-09,1.51864e-09
49,1.819e-12,2.95587e-12,1.819e-12,2.95587e-12,2.95587e-12,2.95587e-12,3.63801e-12,2.95587e-12,4.77487e-12,3.63801e-12,4.32013e-12,4.32013e-12,4.32013e-12,3.86538e-12,3.63801e-12,4.5475e-12,4.5475e-12,3.18325e-12,4.09275e-12,4.32013e-12,3.63801e-12,3.63801e-12,3.63801e-12,3.63801e-12,3.86538e-12,4.09275e-12,4.09275e-12,3.63801e-12,3.63801e-12,3.63801e-12,4.32013e-12,3.63801e-12,4.77487e-12,3.41062e-12,4.77487e-12,3.63801e-12,4.5475e-12,3.63801e-12,4.32013e-12,3.41062e-12,4.77487e-12,3.41062e-12,4.32013e-12,3.63801e-12,4.09275e-12,2.95587e-12,3.63801e-12,3.63801e-12,4.32013e-12,3.18325e-12,3.63801e-12,2.7285e-12,2.27375e-12,2.50112e-12,-6.82124e-13,3.0059e-10,6.73257e-10,2.52841e-10,5.85263e-10,3.8631e-10,8.29917e-10,4.47018e-10,9.71575e-10,1.22078e-09,1.50659e-09
50,1.59162e-12,2.27375e-12,2.04638e-12,2.04638e-12,2.95587e-12,3.18325e-12,3.18325e-12,3.41062e-12,2.95587e-12,3.18325e-12,2.7285e-12,3.41062e-12,3.63801e-12,4.09275e-12,4.09275e-12,3.41062e-12,4.09275e-12,4.09275e-12,4.5475e-12,3.41062e-12,5.00225e-12,4.5475e-12,4.5475e-12,4.09275e-12,3.86538e-12,4.32013e-12,4.32013e-12,3.63801e-12,4.32013e-12,3.86538e-12,4.5475e-12,4.09275e-12,4.09275e-12,4.09275e-12,4.77487e-12,3.18325e-12,4.32013e-12,3.86538e-12,3.86538e-12,3.86538e-12,4.09275e-12,3.41062e-12,4.09275e-12,4.5475e-12,4.5475e-12,3.63801e-12,3.63801e-12,3.86538e-12,4.32013e-12,4.09275e-12,4.09275e-12,3.63801e-12,2.50112e-12,3.18325e-12,-6.82124e-13,1.97816e-10,6.60524e-10,1.628e-10,5.82535e-10,2.61936e-10,8.08772e-10,3.08775e-10,9.26779e-10,1.22487e-09,1.49385e-09
51,1.36425e-12,2.27375e-12,1.13688e-12,2.7285e-12,2.27375e-12,3.63801e-12,3.18325e-12,3.41062e-12,3.63801e-12,3.63801e-12,3.41062e-12,3.41062e-12,3.63801e-12,4.09275e-12,4.32013e-12,4.32013e-12,4.32013e-12,4.5475e-12,4.77487e-12,3.86538e-12,4.77487e-12,3.63801e-12,4.32013e-12,3.86538e-12,4.09275e-12,3.63801e-12,4.77487e-12,4.77487e-12,4.32013e-12,4.09275e-12,4.32013e-12,4.32013e-12,4.77487e-12,3.41062e-12,4.5475e-12,3.41062e-12,3.86538e-12,4.09275e-12,4.32013e-12,3.63801e-12,4.09275e-12,3.86538e-12,3.63801e-12,3.63801e-12,3.63801e-12,3.41062e-12,3.63801e-12,3.41062e-12,4.32013e-12,3.18325e-12,3.63801e-12,3.41062e-12,2.95587e-12,2.95587e-12,0.0,1.02091e-10,6.41652e-10,8.29918e-11,5.60252e-10,1.41655e-10,7.72619e-10,1.72123e-10,8.72436e-10,1.23806e-09,1.50749e-09
52,1.819e-12,2.27375e-12,1.819e-12,2.50112e-12,2.95587e-12,3.18325e-12,2.95587e-12,3.86538e-12,2.95587e-12,4.32013e-12,3.18325e-12,3.41062e-12,4.5475e-12,4.32013e-12,3.86538e-12,3.86538e-12,4.32013e-12,4.5475e-12,4.09275e-12,4.77487e-12,4.77487e-12,3.63801e-12,4.77487e-12,4.77487e-12,4.32013e-12,3.41062e-12,4.5475e-12,4.32013e-12,4.5475e-12,3.63801e-12,3.86538e-12,4.5475e-12,4.32013e-12,5.457e-12,5.00225e-12,4.5475e-12,3.86538e-12,4.09275e-12,3.86538e-12,3.63801e-12,3.86538e-12,3.63801e-12,3.41062e-12,3.63801e-12,3.63801e-12,4.32013e-12,3.63801e-12,3.41062e-12,3.41062e-12,3.63801e-12,3.63801e-12,3.41062e-12,2.50112e-12,3.41062e-12,0.0,5.13867e-11,5.89583e-10,4.27465e-11,5.15687e-10,6.79852e-11,7.16458e-10,8.39013e-11,8.00586e-10,1.24829e-09,1.52227e-09
53,1.59162e-12,2.27375e-12,1.819e-12,3.18325e-12,2.50112e-12,3.41062e-12,4.09275e-12,3.41062e-12,2.95587e-12,3.63801e-12,3.41062e-12,3.63801e-12,3.63801e-12,3.63801e-12,3.41062e-12,4.09275e-12,3.63801e-12,4.09275e-12,3.63801e-12,4.09275e-12,4.77487e-12,4.32013e-12,4.09275e-12,3.86538e-12,3.86538e-12,3.63801e-12,4.32013e-12,4.5475e-12,4.32013e-12,4.32013e-12,4.77487e-12,3.63801e-12,4.09275e-12,4.09275e-12,4.09275e-12,3.86538e-12,4.09275e-12,3.86538e-12,4.09275e-12,3.86538e-12,2.95587e-12,3.63801e-12,4.09275e-12,3.86538e-12,4.09275e-12,3.18325e-12,4.09275e-12,3.18325e-12,3.18325e-12,2.95587e-12,3.86538e-12,3.86538e-12,3.63801e-12,2.50112e-12,1.819e-12,2.52386e-11,5.09775e-10,2.43291e-11,4.39515e-10,2.95588e-11,6.29147e-10,3.54705e-11,7.03498e-10,1.24124e-09,1.51636e-09
54,2.27375e-12,2.27375e-12,2.27375e-12,2.50112e-12,2.27375e-12,3.86538e-12,3.63801e-12,4.09275e-12,4.32013e-12,3.63801e-12,3.41062e-12,4.09275e-12,3.63801e-12,4.77487e-12,3.41062e-12,4.32013e-12,4.09275e-12,4.32013e-12,3.63801e-12,4.32013e-12,4.09275e-12,4.09275e-12,3.63801e-12,4.32013e-12,4.09275e-12,4.77487e-12,4.32013e-12,4.5475e-12,3.41062e-12,3.63801e-12,3.86538e-12,4.5475e-12,3.41062e-12,4.32013e-12,3.63801e-12,5.457e-12,3.86538e-12,4.32013e-12,3.63801e-12,3.63801e-12,3.86538e-12,5.00225e-12,3.63801e-12,3.63801e-12,3.41062e-12,2.7285e-12,4.32013e-12,3.86538e-12,3.86538e-12,3.63801e-12,2.95587e-12,3.63801e-12,3.18325e-12,3.41062e-12,2.50112e-12,1.79626e-11,4.15413e-10,1.72805e-11,3.51976e-10,2.0009e-11,5.2319e-10,2.29649e-11,5.92085e-10,1.24124e-09,1.51272e-09
55,2.50112e-12,2.27375e-12,1.819e-12,3.63801e-12,3.18325e-12,4.09275e-12,2.95587e-12,5.22962e-12,3.41062e-12,4.77487e-12,3.86538e-12,4.77487e-12,3.86538e-12,4.77487e-12,4.09275e-12,4.32013e-12,4.5475e-12,4.32013e-12,3.41062e-12,4.09275e-12,4.09275e-12,3.41062e-12,3.86538e-12,4.09275e-12,4.32013e-12,4.5475e-12,3.63801e-12,4.5475e-12,4.32013e-12,4.77487e-12,3.41062e-12,3.86538e-12,4.32013e-12,5.00225e-12,3.86538e-12,4.5475e-12,3.86538e-12,5.00225e-12,3.18325e-12,3.86538e-12,4.32013e-12,4.5475e-12,3.18325e-12,4.09275e-12,3.63801e-12,3.86538e-12,2.7285e-12,3.63801e-12,2.95587e-12,3.63801e-12,3.63801e-12,2.95587e-12,3.18325e-12,3.63801e-12,2.95587e-12,1.22782e-11,2.92404e-10,1.04592e-11,2.40336e-10,1.47794e-11,3.77215e-10,1.77353e-11,4.40425e-10,1.20759e-09,1.51932e-09
56,2.27375e-12,4.5475e-12,1.819e-12,4.77487e-12,2.95587e-12,4.5475e-12,3.41062e-12,5.68437e-12,4.32013e-12,4.5475e-12,3.63801e-12,4.32013e-12,3.63801e-12,4.77487e-12,3.63801e-12,5.22962e-12,4.32013e-12,5.457e-12,3.86538e-12,4.09275e-12,4.77487e-12,4.77487e-12,4.09275e-12,5.68437e-12,3.86538e-12,4.77487e-12,3.63801e-12,4.77487e-12,4.32013e-12,4.77487e-12,4.32013e-12,4.77487e-12,4.32013e-12,4.32013e-12,4.32013e-12,4.5475e-12,4.09275e-12,4.77487e-12,4.32013e-12,5.457e-12,2.7285e-12,4.32013e-12,4.32013e-12,4.5475e-12,3.41062e-12,5.00225e-12,2.95587e-12,4.09275e-12,2.95587e-12,3.86538e-12,2.95587e-12,4.32013e-12,3.18325e-12,4.09275e-12,4.09275e-12,7.27601e-12,1.64165e-10,6.59386e-12,1.29377e-10,8.64026e-12,2.18734e-10,9.54975e-12,2.63528e-10,1.23715e-09,1.52e-09
57,2.27375e-12,3.63801e-12,2.04638e-12,5.22962e-12,3.63801e-12,4.5475e-12,3.18325e-12,6.13912e-12,2.95587e-12,5.00225e-12,4.32013e-12,5.457e-12,2.95587e-12,5.457e-12,4.09275e-12,5.22962e-12,3.18325e-12,4.77487e-12,3.63801e-12,5.457e-12,3.63801e-12,4.77487e-12,4.09275e-12,5.457e-12,4.32013e-12,5.457e-12,3.63801e-12,5.00225e-12,4.09275e-12,5.00225e-12,4.09275e-12,5.00225e-12,4.32013e-12,4.77487e-12,4.32013e-12,5.22962e-12,4.09275e-12,6.13912e-12,4.32013e-12,5.22962e-12,3.86538e-12,4.77487e-12,3.86538e-12,5.457e-12,2.95587e-12,5.457e-12,3.41062e-12,4.5475e-12,4.32013e-12,4.32013e-12,2.95587e-12,5.00225e-12,3.41062e-12,4.09275e-12,3.63801e-12,6.13912e-12,8.48108e-11,6.82124e-12,6.84399e-11,6.82124e-12,1.12778e-10,7.27601e-12,1.44611e-10,1.27944e-09,1.51136e-09
58,1.819e-12,5.68437e-12,2.50112e-12,5.22962e-12,2.27375e-12,5.91174e-12,2.95587e-12,6.82124e-12,4.09275e-12,5.457e-12,4.32013e-12,5.91174e-12,4.09275e-12,6.13912e-12,3.63801e-12,6.13912e-12,4.5475e-12,4.77487e-12,4.32013e-12,6.13912e-12,4.32013e-12,5.00225e-12,4.32013e-12,4.77487e-12,4.77487e-12,5.00225e-12,4.5475e-12,4.32013e-12,3.63801e-12,5.457e-12,4.09275e-12,4.77487e-12,3.86538e-12,5.68437e-12,3.63801e-12,6.13912e-12,4.77487e-12,6.13912e-12,4.77487e-12,5.68437e-12,4.09275e-12,5.457e-12,4.32013e-12,5.22962e-12,3.18325e-12,4.77487e-12,3.86538e-12,4.5475e-12,2.95587e-12,4.77487e-12,3.86538e-12,4.77487e-12,3.18325e-12,4.5475e-12,3.63801e-12,5.68437e-12,3.47884e-11,5.68437e-12,3.16052e-11,6.36649e-12,3.97906e-11,5.457e-12,6.09366e-11,1.29558e-09,1.51159e-09
59,2.95587e-12,5.91174e-12,2.95587e-12,6.82124e-12,3.63801e-12,6.36649e-12,3.63801e-12,7.04861e-12,4.5475e-12,6.13912e-12,4.09275e-12,6.13912e-12,3.63801e-12,6.59386e-12,4.32013e-12,6.13912e-12,4.32013e-12,5.457e-12,3.86538e-12,5.91174e-12,3.86538e-12,5.00225e-12,4.32013e-12,4.77487e-12,3.41062e-12,5.457e-12,4.09275e-12,4.77487e-12,3.86538e-12,5.91174e-12,4.77487e-12,5.457e-12,4.32013e-12,5.68437e-12,3.63801e-12,5.00225e-12,4.32013e-12,5.68437e-12,4.09275e-12,5.22962e-12,4.32013e-12,4.77487e-12,3.86538e-12,5.00225e-12,3.18325e-12,4.77487e-12,4.5475e-12,5.457e-12,2.95587e-12,5.457e-12,3.63801e-12,5.457e-12,3.86538e-12,5.00225e-12,3.63801e-12,5.68437e-12,1.86448e-11,5.457e-12,2.0009e-11,5.457e-12,2.1828e-11,4.77487e-12,3.41063e-11,1.3381e-09,1.49408e-09
60,3.41062e-12,5.22962e-12,2.27375e-12,5.68437e-12,3.41062e-12,6.82124e-12,3.86538e-12,6.82124e-12,4.32013e-12,7.04861e-12,4.5475e-12,5.91174e-12,4.77487e-12,6.36649e-12,4.77487e-12,5.457e-12,4.32013e-12,4.77487e-12,4.5475e-12,5.457e-12,3.63801e-12,6.13912e-12,4.5475e-12,5.457e-12,4.77487e-12,5.457e-12,3.86538e-12,4.77487e-12,3.63801e-12,6.59386e-12,4.5475e-12,5.68437e-12,4.77487e-12,5.457e-12,3.63801e-12,6.13912e-12,4.32013e-12,6.13912e-12,4.5475e-12,5.68437e-12,4.09275e-12,5.457e-12,3.86538e-12,5.457e-12,3.63801e-12,4.77487e-12,4.32013e-12,5.00225e-12,4.77487e-12,5.457e-12,3.63801e-12,5.00225e-12,3.63801e-12,4.77487e-12,3.63801e-12,6.13912e-12,1.70531e-11,4.5475e-12,1.61436e-11,5.91174e-12,2.06911e-11,5.457e-12,2.88766e-11,1.33878e-09,1.48635e-09
61,4.32013e-12,6.13912e-12,2.95587e-12,5.68437e-12,4.09275e-12,6.36649e-12,3.63801e-12,7.27601e-12,4.5475e-12,6.82124e-12,4.32013e-12,6.13912e-12,4.32013e-12,5.68437e-12,3.63801e-12,5.457e-12,4.32013e-12,4.32013e-12,4.5475e-12,5.68437e-12,5.00225e-12,4.77487e-12,4.5475e-12,5.68437e-12,3.63801e-12,4.77487e-12,4.77487e-12,5.457e-12,3.63801e-12,6.13912e-12,5.00225e-12,5.457e-12,5.00225e-12,6.13912e-12,4.5475e-12,5.457e-12,4.32013e-12,6.13912e-12,4.77487e-12,5.457e-12,4.32013e-12,5.00225e-12,4.09275e-12,5.457e-12,4.32013e-12,4.77487e-12,4.32013e-12,4.5475e-12,3.63801e-12,5.457e-12,4.77487e-12,4.5475e-12,3.63801e-12,4.32013e-12,3.63801e-12,5.00225e-12,1.20509e-11,5.457e-12,1.11414e-11,5.457e-12,1.47794e-11,5.68437e-12,1.79626e-11,1.33856e-09,1.47998e-09
62,4.5475e-12,6.36649e-12,2.95587e-12,6.59386e-12,4.77487e-12,6.36649e-12,4.5475e-12,7.04861e-12,5.00225e-12,6.13912e-12,5.68437e-12,6.82124e-12,4.32013e-12,6.82124e-12,4.77487e-12,6.59386e-12,5.00225e-12,5.68437e-12,5.00225e-12,6.13912e-12,5.00225e-12,5.68437e-12,3.63801e-12,5.68437e-12,4.77487e-12,5.457e-12,4.77487e-12,6.13912e-12,4.32013e-12,5.68437e-12,5.00225e-12,5.68437e-12,4.77487e-12,5.457e-12,5.457e-12,5.457e-12,5.00225e-12,6.36649e-12,5.68437e-12,4.5475e-12,3.86538e-12,6.13912e-12,4.09275e-12,5.457e-12,4.32013e-12,5.00225e-12,4.32013e-12,5.22962e-12,4.32013e-12,5.22962e-12,4.5475e-12,5.457e-12,5.22962e-12,5.22962e-12,4.32013e-12,5.457e-12,7.95813e-12,5.00225e-12,6.82124e-12,5.22962e-12,8.64026e-12,5.91174e-12,9.32238e-12,1.33537e-09,1.47725e-09
63,4.09275e-12,5.457e-12,4.77487e-12,5.68437e-12,5.91174e-12,6.13912e-12,4.77487e-12,7.04861e-12,6.13912e-12,6.13912e-12,5.457e-12,5.68437e-12,5.457e-12,5.457e-12,5.68437e-12,6.13912e-12,5.457e-12,5.68437e-12,4.32013e-12,6.13912e-12,5.22962e-12,5.457e-12,4.77487e-12,6.59386e-12,5.457e-12,4.77487e-12,5.00225e-12,5.457e-12,4.77487e-12,5.91174e-12,5.68437e-12,5.68437e-12,5.22962e-12,6.13912e-12,5.22962e-12,5.68437e-12,5.457e-12,5.457e-12,5.457e-12,5.457e-12,4.32013e-12,5.457e-12,4.5475e-12,4.77487e-12,4.77487e-12,5.22962e-12,4.32013e-12,5.457e-12,5.00225e-12,5.00225e-12,4.5475e-12,5.457e-12,4.77487e-12,4.77487e-12,4.32013e-12,5.91174e-12,5.68437e-12,5.457e-12,6.59386e-12,5.00225e-12,6.36649e-12,5.457e-12,6.59386e-12,1.34037e-09,1.47839e-09
64,6.36649e-12,5.91174e-12,5.457e-12,6.36649e-12,6.82124e-12,6.13912e-12,5.00225e-12,7.27601e-12,6.59386e-12,6.13912e-12,5.91174e-12,5.91174e-12,6.36649e-12,6.36649e-12,5.91174e-12,6.36649e-12,5.68437e-12,5.68437e-12,5.457e-12,5.457e-12,5.91174e-12,6.13912e-12,4.77487e-12,5.91174e-12,6.13912e-12,5.22962e-12,6.13912e-12,5.457e-12,5.457e-12,6.13912e-12,6.82124e-12,6.36649e-12,4.5475e-12,6.13912e-12,6.36649e-12,5.68437e-12,5.91174e-12,6.13912e-12,6.59386e-12,5.00225e-12,5.457e-12,5.22962e-12,5.22962e-12,5.00225e-12,5.00225e-12,4.77487e-12,5.00225e-12,5.91174e-12,4.5475e-12,4.32013e-12,4.32013e-12,4.77487e-12,5.00225e-12,4.5475e-12,4.5475e-12,5.457e-12,5.457e-12,6.13912e-12,6.36649e-12,4.77487e-12,6.36649e-12,5.22962e-12,5.22962e-12,1.34174e-09,1.48612e-09
