,0,1,2,3,4,5,6,7,8,9,10,11,12,13,14,15,16,17,18,19,20,21,22,23,24,25,26,27,28,29,30,31,32,33,34,35,36,37,38,39,40,41,42,43,44,45,46,47,48,49,50,51,52,53,54,55,56,57,58,59
0,0.00246431,0.00279237,0.00240327,0.00411227,0.00400546,0.0136033,0.0182801,0.0400851,0.0535128,0.0698476,0.0856862,0.0848622,0.10553,0.0785451,0.101479,0.0906453,0.115883,0.0849233,0.107239,0.0732808,0.0964208,0.0602648,0.0730519,0.0473177,0.0596774,0.0339053,0.0436404,0.0166551,0.0242769,0.0173036,0.0272599,0.0140763,0.0190965,0.0147553,0.0191499,0.0152817,0.0231324,0.0128098,0.0195543,0.00853735,0.00889593,0.00429538,0.00482944,0.000938419,0.000770573,0.000564579,0.000442507,0.000190736,0.000198365,0.000129701,0.00013733,0.000114441,0.000114441,9.91826e-05,9.91826e-05,9.91826e-05,9.91826e-05,9.91826e-05,9.91826e-05,0.000114441
1,0.00205232,0.00342561,0.00226595,0.00309755,0.00449374,0.00888067,0.0236436,0.0174867,0.0688863,0.0582201,0.100678,0.0833135,0.126046,0.0791402,0.12787,0.0876698,0.136636,0.0840917,0.131997,0.074883,0.125131,0.0676961,0.101426,0.0485842,0.0810399,0.0317919,0.0554659,0.0156633,0.0397646,0.0145035,0.042206,0.0139237,0.0313952,0.0143586,0.0310823,0.0150529,0.0372317,0.0144349,0.034714,0.00874335,0.016266,0.00378419,0.00929266,0.00185395,0.00105286,0.000457766,0.000389101,0.000205995,0.000198365,0.00013733,0.000144959,0.000122071,0.000122071,9.91826e-05,0.000106812,9.91826e-05,0.000106812,9.91826e-05,0.000106812,0.000106812
2,0.00186158,0.00338747,0.00228883,0.003006,0.0054169,0.00843817,0.027794,0.0125046,0.0776601,0.05777,0.110672,0.0843968,0.136064,0.0804753,0.140725,0.0879064,0.144753,0.0851369,0.142587,0.0760579,0.139642,0.0694509,0.121369,0.0491107,0.0998693,0.0318072,0.0682302,0.0157319,0.054764,0.014412,0.0566256,0.0140458,0.048218,0.0144044,0.046593,0.0152054,0.0521319,0.0146104,0.048691,0.00858313,0.0311815,0.00364687,0.0206681,0.00190736,0.00203706,0.000434877,0.000373842,0.000213624,0.000205995,0.00013733,0.000152589,0.000122071,0.000129701,9.91826e-05,0.000114441,9.91826e-05,0.000114441,9.91826e-05,0.000114441,0.000106812
3,0.00177003,0.00337984,0.0022812,0.003006,0.00587466,0.0084458,0.0293885,0.0122986,0.0782018,0.0580904,0.116585,0.084641,0.140634,0.0808187,0.14692,0.0880132,0.149423,0.085381,0.148217,0.0762715,0.145616,0.069634,0.130128,0.049248,0.111718,0.0319064,0.0824437,0.0157853,0.0664525,0.0144425,0.0698018,0.0141297,0.059624,0.014473,0.0590136,0.0152894,0.0637975,0.014679,0.0594637,0.00854498,0.0427325,0.00359346,0.03286,0.00188447,0.0060654,0.000419619,0.000488285,0.000213624,0.000205995,0.00013733,0.000152589,0.000122071,0.00013733,9.91826e-05,0.000114441,9.91826e-05,0.000122071,9.91826e-05,0.000122071,0.000106812
4,0.00167847,0.00337984,0.00224306,0.003006,0.00648502,0.00845343,0.0308839,0.012352,0.0791173,0.0581667,0.119179,0.0846868,0.143197,0.0809712,0.150613,0.0880895,0.152055,0.0854268,0.151452,0.0763478,0.149743,0.0697637,0.137475,0.049309,0.121888,0.0319598,0.0963826,0.015854,0.0840154,0.0145112,0.0894322,0.0141526,0.0756764,0.0145188,0.0728307,0.0152741,0.0798955,0.0147553,0.0738301,0.00853735,0.0536959,0.00354768,0.0435336,0.00187684,0.0162126,0.000419619,0.0012436,0.000213624,0.000205995,0.00013733,0.000152589,0.000122071,0.00013733,9.91826e-05,0.000122071,9.91826e-05,0.000122071,9.91826e-05,0.000122071,0.000114441
5,0.00159455,0.00340272,0.00224306,0.00302126,0.00717929,0.00841528,0.0327227,0.0120926,0.081902,0.0576632,0.120736,0.0843511,0.144319,0.0806432,0.152421,0.0875707,0.152734,0.0849538,0.152619,0.07618,0.151826,0.069634,0.142091,0.0492861,0.129716,0.0320818,0.111771,0.0158387,0.112977,0.0145493,0.117753,0.0141831,0.100472,0.0145493,0.0972829,0.0152588,0.108063,0.0148392,0.103493,0.00859839,0.067925,0.00353242,0.0543597,0.00187684,0.0261918,0.000411989,0.00421146,0.000205995,0.000205995,0.00013733,0.000152589,0.000122071,0.000144959,9.91826e-05,0.000122071,9.91826e-05,0.000129701,9.91826e-05,0.000129701,0.000114441
6,0.00157929,0.00325014,0.0022812,0.003006,0.00775912,0.00888067,0.0339053,0.0131837,0.0841374,0.0623934,0.121735,0.0887303,0.144868,0.0851827,0.15265,0.0926366,0.152719,0.0893636,0.152528,0.0807271,0.15204,0.0734258,0.145318,0.0507128,0.137948,0.0331957,0.130555,0.0169526,0.134538,0.0157319,0.135827,0.0152283,0.124711,0.0154191,0.122582,0.0162584,0.132142,0.0147858,0.128922,0.00887305,0.0927968,0.00342561,0.0709081,0.00171662,0.0364916,0.000389101,0.00997168,0.000205995,0.000190736,0.00013733,0.000152589,0.000122071,0.000144959,9.91826e-05,0.000129701,9.91826e-05,0.000129701,9.91826e-05,0.000129701,0.000114441
7,0.00157929,0.00251772,0.00229646,0.0028763,0.00776675,0.0110703,0.0338748,0.0173951,0.0836186,0.0791554,0.121773,0.108597,0.144799,0.109169,0.152673,0.115899,0.152795,0.113289,0.152528,0.105515,0.152192,0.0959172,0.147538,0.060631,0.143243,0.0398333,0.139642,0.0235749,0.142335,0.022339,0.143144,0.0213853,0.137078,0.0207673,0.135865,0.0223161,0.14084,0.017624,0.13791,0.0134049,0.112145,0.00527194,0.0881276,0.00152589,0.0444949,0.000335695,0.0162965,0.000205995,0.000152589,0.000152589,0.000152589,0.000129701,0.000144959,0.000106812,0.000129701,9.91826e-05,0.000129701,9.91826e-05,0.000129701,0.000114441
8,0.00159455,0.00206758,0.00234987,0.00306703,0.00845343,0.0158693,0.0349352,0.0235521,0.0860143,0.0946431,0.122803,0.126496,0.145242,0.134248,0.152734,0.138658,0.152894,0.137452,0.152474,0.131455,0.152413,0.123482,0.14985,0.0826573,0.147775,0.0530856,0.146333,0.0398333,0.1475,0.0388644,0.148309,0.0380328,0.14457,0.0371554,0.144166,0.0391848,0.146791,0.033623,0.144067,0.0299455,0.126794,0.0151978,0.104302,0.00323488,0.0568774,0.000289919,0.025673,0.000205995,6.8665e-05,0.000152589,0.000122071,0.00013733,0.00013733,0.000114441,0.000122071,0.000106812,0.000122071,0.000106812,0.000122071,0.000122071
9,0.00160981,0.00188447,0.00240327,0.00363924,0.00923926,0.0212251,0.0362856,0.0289689,0.0884099,0.102921,0.123787,0.137368,0.145707,0.145555,0.152726,0.147584,0.152864,0.147279,0.152497,0.145257,0.152619,0.140191,0.151734,0.104065,0.151101,0.0720525,0.15075,0.0593264,0.151574,0.0581973,0.151826,0.0562975,0.150025,0.0558093,0.149728,0.0577929,0.15104,0.0523608,0.14824,0.0468676,0.133744,0.0317767,0.113602,0.0130692,0.0669637,0.000312807,0.032738,0.000205995,-7.62945e-06,0.000160218,9.15532e-05,0.000144959,0.000106812,0.000114441,0.000106812,0.000114441,0.000106812,0.000114441,0.000106812,0.000129701
10,0.00161744,0.00179292,0.00241853,0.00389101,0.00965887,0.0238115,0.0368807,0.0315936,0.08989,0.105462,0.12423,0.140412,0.145974,0.149369,0.15278,0.151124,0.152841,0.150979,0.152604,0.149926,0.152581,0.145783,0.152612,0.113778,0.15252,0.0875859,0.152642,0.0746083,0.152947,0.0726171,0.152925,0.0721288,0.152421,0.0708852,0.152368,0.0741277,0.152635,0.0653844,0.14985,0.0578082,0.137689,0.0418627,0.119797,0.0238954,0.0687718,0.000854496,0.035332,0.000205995,0.0,0.000160218,4.57766e-05,0.000144959,9.15532e-05,0.000122071,9.91826e-05,0.000114441,9.91826e-05,0.000114441,9.15532e-05,0.000129701
11,0.00161744,0.00171662,0.00242616,0.00374605,0.00969702,0.0239946,0.0370944,0.0317461,0.0904698,0.105454,0.12455,0.140527,0.146173,0.15088,0.152848,0.152696,0.152894,0.152665,0.152719,0.152146,0.152635,0.148728,0.152703,0.122635,0.15281,0.100838,0.153039,0.093224,0.153016,0.0897298,0.152947,0.089272,0.152963,0.0871129,0.152963,0.0937428,0.152741,0.0809484,0.14985,0.07235,0.139634,0.0506823,0.122887,0.0327685,0.0689702,0.00363924,0.0375216,0.000198365,3.81472e-05,0.000160218,1.52589e-05,0.000152589,7.62944e-05,0.000122071,9.91826e-05,0.000122071,8.39238e-05,0.000122071,8.39238e-05,0.00013733
12,0.00161744,0.00166322,0.00234987,0.00384523,0.00897223,0.0244905,0.0361483,0.0323794,0.0881886,0.105629,0.123635,0.140771,0.145715,0.151361,0.152871,0.152894,0.15294,0.152848,0.152719,0.152581,0.15268,0.150323,0.152711,0.131837,0.152894,0.119652,0.153108,0.118424,0.153085,0.115258,0.153054,0.113984,0.152993,0.113183,0.15297,0.120057,0.152787,0.106965,0.15001,0.0982976,0.140161,0.0670171,0.124199,0.0416644,0.0702977,0.0104905,0.0399783,0.000167848,9.91826e-05,0.000160218,3.81472e-05,0.000152589,5.3406e-05,0.000122071,0.000114441,0.000122071,8.39238e-05,0.000122071,8.39238e-05,0.000144959
13,0.00160981,0.00165559,0.00232698,0.00382997,0.00918585,0.0245897,0.0365756,0.0323184,0.0893102,0.105828,0.124268,0.140702,0.145997,0.151368,0.152947,0.152841,0.152986,0.15278,0.152726,0.152635,0.152719,0.150842,0.152719,0.14029,0.152986,0.134545,0.153108,0.135644,0.153153,0.134469,0.153199,0.133584,0.153062,0.13215,0.153054,0.135949,0.152879,0.128327,0.150086,0.120018,0.140489,0.08355,0.124711,0.0499804,0.0710454,0.0179826,0.0413744,0.000122071,9.91826e-05,0.000152589,6.10356e-05,0.000152589,6.8665e-05,0.000122071,0.000122071,0.000122071,9.91826e-05,0.000122071,9.91826e-05,0.000144959
14,0.00160981,0.00167084,0.00238802,0.00385286,0.00994116,0.0247422,0.038132,0.032532,0.0931554,0.106133,0.125901,0.140695,0.146638,0.151368,0.152955,0.152856,0.15294,0.152719,0.152726,0.152688,0.152734,0.151528,0.152612,0.145631,0.152795,0.142823,0.152955,0.143472,0.152658,0.142602,0.152368,0.141778,0.153016,0.141595,0.1531,0.143594,0.15236,0.138986,0.14885,0.130555,0.139482,0.0974507,0.122834,0.0618212,0.0685735,0.0274965,0.0386965,5.3406e-05,0.000106812,0.000129701,6.8665e-05,0.000144959,9.91826e-05,0.000122071,0.000129701,0.000122071,0.000122071,0.000122071,0.000122071,0.000144959
15,0.00160218,0.0016861,0.00237276,0.00397494,0.00981909,0.0250856,0.037987,0.0329516,0.093163,0.106347,0.125909,0.140924,0.146775,0.151361,0.152886,0.152833,0.152955,0.152635,0.15278,0.152589,0.152696,0.152261,0.151925,0.149659,0.151681,0.148469,0.151353,0.148675,0.150094,0.148042,0.14943,0.147813,0.151948,0.147614,0.152207,0.148583,0.149964,0.145967,0.145677,0.137162,0.1382,0.107247,0.120888,0.0742421,0.0663686,0.0330279,0.0355456,7.62944e-05,0.000129701,4.57766e-05,0.000106812,0.000122071,0.000122071,0.000106812,0.00013733,0.000114441,0.00013733,0.000114441,0.00013733,0.000129701
16,0.00159455,0.0016861,0.00237276,0.00402072,0.0100709,0.025261,0.0385668,0.0329211,0.0945363,0.105919,0.126534,0.140832,0.147134,0.151223,0.153031,0.152726,0.152993,0.152581,0.15281,0.152505,0.152513,0.15268,0.150125,0.151834,0.149255,0.151437,0.148088,0.151635,0.145936,0.151498,0.145478,0.151315,0.148881,0.150987,0.149354,0.151765,0.146173,0.150186,0.140824,0.141488,0.135339,0.114487,0.11834,0.0858159,0.0627141,0.0363314,0.0325472,0.000358583,0.000160218,-5.3406e-05,0.000144959,9.91826e-05,0.00013733,9.91826e-05,0.000144959,9.91826e-05,0.000152589,9.91826e-05,0.000152589,0.000122071
17,0.00160218,0.00169373,0.0023575,0.00424197,0.01046,0.0261461,0.0393527,0.0338976,0.0958562,0.106652,0.127488,0.141419,0.147607,0.151399,0.1531,0.152711,0.153031,0.15252,0.152902,0.152474,0.152116,0.152658,0.146401,0.152802,0.143731,0.153001,0.140458,0.152963,0.137055,0.153054,0.136689,0.152955,0.142755,0.15297,0.143182,0.152902,0.138001,0.152688,0.132539,0.143617,0.12893,0.118309,0.112633,0.0948644,0.0476382,0.038254,0.026497,0.000709537,0.000205995,-0.000106812,0.000175477,6.10356e-05,0.000160218,9.15532e-05,0.000152589,9.15532e-05,0.000152589,9.15532e-05,0.000152589,0.000122071
18,0.00160218,0.00170136,0.00225832,0.00469974,0.0101395,0.0278322,0.0391238,0.0358813,0.0962987,0.107964,0.128289,0.142488,0.148042,0.151727,0.153207,0.152589,0.153138,0.152482,0.15294,0.152421,0.151429,0.152581,0.140962,0.152787,0.133698,0.153062,0.127564,0.152993,0.118836,0.153039,0.116463,0.152947,0.130288,0.152993,0.130097,0.152833,0.120835,0.152787,0.114556,0.142808,0.115296,0.116616,0.101159,0.0952992,0.0286561,0.0362093,0.0170976,0.000839237,0.000259401,-9.91826e-05,0.000198365,1.52589e-05,0.000190736,9.91826e-05,0.000167848,9.15532e-05,0.000160218,9.91826e-05,0.000167848,0.000129701
19,0.00158692,0.00170136,0.00205995,0.00456241,0.00849158,0.0277787,0.0362093,0.0358202,0.0905232,0.107949,0.126634,0.142396,0.146211,0.151628,0.153024,0.152467,0.152299,0.152436,0.152474,0.152413,0.150811,0.152528,0.135972,0.152764,0.121529,0.153024,0.107316,0.152932,0.0865102,0.152932,0.0813069,0.152833,0.107369,0.152871,0.10682,0.152848,0.0875783,0.152574,0.0810704,0.142076,0.092072,0.115212,0.0766835,0.0942616,0.0159379,0.0354464,0.00930792,0.000625614,0.000312807,-5.3406e-05,0.000228883,7.62945e-06,0.000205995,0.000114441,0.000175477,9.91826e-05,0.000175477,9.91826e-05,0.000183106,0.00013733
20,0.00157929,0.0016861,0.00186921,0.00413516,0.00616458,0.0259782,0.0304719,0.0342562,0.0764241,0.106781,0.120469,0.141541,0.140641,0.151353,0.150491,0.152528,0.147759,0.152467,0.148881,0.152368,0.147599,0.152513,0.129952,0.152741,0.110062,0.152993,0.0857778,0.152925,0.0512164,0.152902,0.0480273,0.152795,0.0656514,0.152787,0.0679173,0.152841,0.0514224,0.152452,0.0444491,0.142434,0.0543292,0.116692,0.0417635,0.0954671,0.00617984,0.0367892,0.00314333,0.000648502,0.000350954,-1.52589e-05,0.000259401,4.57766e-05,0.000221253,0.000122071,0.000183106,0.000114441,0.000190736,0.000106812,0.000190736,0.000144959
21,0.00156403,0.0016861,0.00169373,0.0043259,0.00374605,0.0268251,0.0224077,0.0352786,0.0569842,0.10756,0.108017,0.142282,0.131051,0.151536,0.145242,0.152482,0.141053,0.15249,0.142426,0.152291,0.141717,0.152352,0.124115,0.152169,0.105523,0.152314,0.0798573,0.152177,0.0296861,0.152314,0.0277025,0.152253,0.0391467,0.152329,0.040375,0.15178,0.0302583,0.152108,0.0238801,0.140946,0.028206,0.114922,0.0221254,0.0946584,0.00246431,0.0338824,0.00148011,0.000579838,0.000373842,2.28883e-05,0.000289919,4.57766e-05,0.000244142,0.00013733,0.000198365,0.000122071,0.000205995,0.000122071,0.000205995,0.000152589
22,0.00154877,0.0016861,0.0016327,0.00421908,0.00271608,0.0263292,0.0148926,0.0347674,0.04023,0.107415,0.0852056,0.14203,0.11512,0.151498,0.136727,0.152482,0.129426,0.15252,0.132432,0.152177,0.133927,0.151895,0.118142,0.150384,0.100808,0.149903,0.0689092,0.149766,0.0176393,0.150201,0.0158387,0.150155,0.0247575,0.150346,0.0251771,0.149049,0.0170976,0.150414,0.0120545,0.137742,0.0150834,0.111863,0.0108948,0.0933919,0.00126649,0.030327,0.00102998,0.000450136,0.00040436,4.57766e-05,0.000312807,6.8665e-05,0.000259401,0.000144959,0.000205995,0.00013733,0.000221253,0.00013733,0.000221253,0.000152589
23,0.00152589,0.00167847,0.00159455,0.00434116,0.00247194,0.0274354,0.0100861,0.0359881,0.029915,0.108437,0.0600359,0.142739,0.0914693,0.151612,0.123215,0.152452,0.108536,0.152421,0.115769,0.151994,0.119118,0.150628,0.101639,0.146226,0.0841451,0.145135,0.0446246,0.145013,0.00919348,0.145478,0.0072327,0.145638,0.012291,0.145768,0.0135117,0.14383,0.00790411,0.145936,0.00496677,0.131951,0.0048981,0.107026,0.00286867,0.0912633,0.000846867,0.0241624,0.000724796,0.000350954,0.000419619,9.15532e-05,0.000320436,0.000114441,0.000267031,0.000152589,0.000221253,0.000144959,0.000228883,0.000144959,0.000228883,0.000167848
24,0.00152589,0.00167847,0.00157929,0.00417331,0.00219728,0.0279847,0.00694278,0.036545,0.0218431,0.109154,0.0440066,0.143197,0.0669408,0.151711,0.103943,0.152474,0.0845952,0.152352,0.0943761,0.151826,0.0994344,0.148911,0.0811467,0.14,0.0626378,0.137368,0.0314791,0.137597,0.00531772,0.13807,0.004509,0.138459,0.0072327,0.139054,0.00797278,0.135827,0.00468448,0.139367,0.0029297,0.123047,0.00294496,0.100037,0.00173951,0.0879903,0.000732426,0.0173036,0.00067902,0.000312807,0.000434877,0.00013733,0.000328066,0.000152589,0.000282289,0.000160218,0.000228883,0.000152589,0.000236512,0.000152589,0.000244142,0.000175477
25,0.00149537,0.00165559,0.00156403,0.00364687,0.00195314,0.0264436,0.00426486,0.0344927,0.0124817,0.108307,0.0267717,0.141801,0.0408251,0.151795,0.0660787,0.152459,0.0499728,0.152383,0.0565875,0.151696,0.0650792,0.147233,0.0505984,0.129189,0.0362933,0.122155,0.0160142,0.119233,0.0035782,0.121277,0.00316621,0.121613,0.00416568,0.124016,0.00460818,0.116768,0.0030594,0.125222,0.00212862,0.103676,0.00173951,0.0772481,0.0012436,0.0707936,0.000694279,0.00907904,0.000633243,0.000343325,0.000450136,0.000190736,0.000343325,0.000183106,0.000289919,0.000167848,0.000236512,0.000160218,0.000251772,0.000167848,0.000259401,0.000190736
26,0.00148011,0.0016327,0.00154877,0.00303651,0.00183106,0.0238954,0.00282289,0.0313036,0.00596622,0.10505,0.0144807,0.137414,0.0237657,0.15027,0.0383685,0.15091,0.0300523,0.15133,0.0321963,0.150872,0.0361636,0.145471,0.0242616,0.116982,0.0154648,0.0949864,0.00594333,0.0811315,0.00270082,0.0845723,0.00251772,0.0849004,0.0028,0.0893102,0.00289918,0.0787129,0.0022812,0.0936131,0.00164033,0.0656209,0.00125123,0.0433199,0.00097657,0.0446475,0.00067139,0.00385286,0.000610355,0.000389101,0.000457766,0.000244142,0.000350954,0.000213624,0.000305178,0.000183106,0.000251772,0.000175477,0.000259401,0.000175477,0.000259401,0.000205995
27,0.00146485,0.00162507,0.00152589,0.00246431,0.00170136,0.0195009,0.00221254,0.0265733,0.00342561,0.0961232,0.00705722,0.130998,0.0123902,0.146012,0.0228502,0.147019,0.0162202,0.147363,0.0186921,0.146729,0.019539,0.14055,0.0117646,0.107644,0.00687411,0.0783772,0.00363924,0.0493243,0.00245668,0.0503314,0.00230409,0.052109,0.00242616,0.0553896,0.00244905,0.0473406,0.00199892,0.0563509,0.00151063,0.0363848,0.00115968,0.0227891,0.00092316,0.0227281,0.000663761,0.00189973,0.000610355,0.000419619,0.000457766,0.000282289,0.000358583,0.000251772,0.000312807,0.000198365,0.000259401,0.000190736,0.00027466,0.000190736,0.00027466,0.000205995
28,0.00144959,0.00157929,0.00152589,0.00200655,0.0016861,0.0136262,0.00200655,0.019394,0.00254823,0.0772405,0.00385286,0.119744,0.00571445,0.13881,0.0108872,0.140801,0.00769046,0.141603,0.00890356,0.141015,0.00968939,0.135072,0.00531772,0.103676,0.00365449,0.0701451,0.00286867,0.0328982,0.00247957,0.033005,0.00234987,0.0334399,0.00226595,0.0348666,0.00225069,0.0297395,0.00192261,0.0360949,0.00148011,0.0194474,0.00113679,0.0106583,0.000915531,0.0117036,0.000656132,0.00123597,0.000610355,0.000450136,0.000465395,0.000312807,0.000366213,0.000267031,0.000320436,0.000205995,0.000267031,0.000205995,0.000282289,0.000205995,0.000282289,0.000221253
29,0.00144959,0.00156403,0.00154115,0.00183869,0.00169373,0.00855261,0.00190736,0.0124055,0.0022812,0.0525362,0.00315095,0.0947957,0.00463107,0.126794,0.00583652,0.129869,0.00601962,0.131188,0.00590518,0.131387,0.00522617,0.12626,0.00371553,0.0981069,0.00321962,0.0548327,0.00298311,0.0205995,0.00350191,0.0191194,0.00327303,0.0192796,0.00250246,0.020424,0.00234224,0.0164796,0.00190736,0.0210191,0.00140382,0.00840002,0.00109864,0.00418857,0.000892643,0.00526431,0.000656132,0.00092316,0.000610355,0.000473024,0.000473024,0.000335695,0.000373842,0.000297548,0.000335695,0.000213624,0.000282289,0.000213624,0.000297548,0.000213624,0.000297548,0.000236512
30,0.00145722,0.00154877,0.00157929,0.0017624,0.00173951,0.00617221,0.00199892,0.00874335,0.0027466,0.0372851,0.00437167,0.0652089,0.00765231,0.104676,0.00682071,0.109009,0.0105591,0.111962,0.00934607,0.111252,0.00657657,0.107049,0.00531772,0.0736165,0.00468448,0.0332949,0.00498202,0.0120545,0.00659946,0.00929266,0.00666049,0.00962073,0.00379945,0.0106125,0.00298311,0.0084458,0.00231935,0.0112305,0.00141145,0.00378419,0.00106049,0.00199892,0.000892643,0.00215913,0.000663761,0.000778202,0.000610355,0.000480654,0.000473024,0.000358583,0.000389101,0.000312807,0.000350954,0.000228883,0.000289919,0.000221253,0.000305178,0.000221253,0.000312807,0.000244142
31,0.00145722,0.00152589,0.00164796,0.00167847,0.00189973,0.0041962,0.00244142,0.00574496,0.00444797,0.0257722,0.00788885,0.0439913,0.014145,0.0748601,0.0125352,0.0793157,0.0196534,0.0804524,0.0176469,0.08429,0.012352,0.0793386,0.0104981,0.0495608,0.0103303,0.0206453,0.0102387,0.0070267,0.0135804,0.00556949,0.0141755,0.0055466,0.00786597,0.00614932,0.00591281,0.00475314,0.00384523,0.00617221,0.001503,0.00238039,0.00105286,0.00145722,0.000877384,0.00144196,0.000663761,0.000732426,0.000617985,0.000495914,0.000480654,0.000366213,0.00039673,0.000328066,0.000350954,0.000236512,0.000305178,0.000228883,0.000312807,0.000236512,0.000312807,0.000259401
32,0.00145722,0.00151063,0.00173951,0.00162507,0.00226595,0.0030594,0.0034485,0.00373842,0.00785071,0.0156556,0.0143891,0.0267946,0.0217973,0.0449221,0.0197068,0.0462649,0.0275575,0.0493624,0.0264283,0.0500491,0.0199281,0.046715,0.0175935,0.0261384,0.0174791,0.00842291,0.0179979,0.00401309,0.0219575,0.00350191,0.0225297,0.00344087,0.0143128,0.00366975,0.0107194,0.0031357,0.00757602,0.00346376,0.00171662,0.00177003,0.00105286,0.00123597,0.000877384,0.00109864,0.000663761,0.000701908,0.000617985,0.000503544,0.000488285,0.000381472,0.00039673,0.000343325,0.000358583,0.000251772,0.000305178,0.000244142,0.000312807,0.000244142,0.000320436,0.000267031
33,0.00146485,0.00149537,0.00183106,0.00158692,0.00268556,0.00241853,0.00542453,0.00268556,0.0125123,0.00785071,0.0216295,0.0146866,0.0310518,0.0262605,0.0268708,0.0287248,0.0358126,0.0295259,0.0356448,0.0308839,0.0306016,0.0266114,0.0263063,0.0121384,0.0265733,0.00475314,0.0271455,0.00294496,0.0321352,0.00279237,0.0339739,0.00273134,0.0229722,0.00283052,0.0182573,0.00253297,0.0143662,0.00258638,0.00221254,0.00152589,0.00107575,0.00112916,0.000885013,0.00100709,0.00067139,0.000686649,0.000625614,0.000503544,0.000495914,0.00039673,0.00040436,0.000350954,0.000366213,0.000259401,0.000312807,0.000259401,0.000320436,0.000259401,0.000328066,0.00027466
34,0.00147248,0.00147248,0.00216676,0.00157166,0.00442508,0.00199129,0.0112992,0.0020981,0.0228425,0.00422671,0.0303804,0.00670627,0.0382082,0.0132294,0.0355837,0.0140839,0.0468066,0.0158464,0.0460513,0.0156327,0.0386584,0.0121079,0.0348361,0.00582889,0.0352557,0.00320436,0.036072,0.00253297,0.0403521,0.00241853,0.0419848,0.00231935,0.0316927,0.00237276,0.0266496,0.00221254,0.0225908,0.00218202,0.00321199,0.00144196,0.00110627,0.00110627,0.000885013,0.000953678,0.00067902,0.00067902,0.000633243,0.000511173,0.000503544,0.00040436,0.000411989,0.000358583,0.000366213,0.000267031,0.000312807,0.000267031,0.000328066,0.000267031,0.000335695,0.000289919
35,0.00147248,0.00146485,0.00289156,0.00156403,0.0105439,0.00179292,0.0339053,0.00187684,0.0623705,0.00277711,0.0689244,0.00427249,0.0750585,0.00642398,0.0687337,0.00686648,0.0789037,0.00724033,0.0774693,0.00748447,0.059128,0.00592807,0.0581667,0.00347902,0.0586092,0.0026703,0.0597231,0.0024872,0.0645986,0.00234987,0.0602343,0.00226595,0.0552599,0.00222017,0.0523226,0.0020981,0.0334475,0.00199129,0.00827795,0.00138856,0.00122834,0.00106812,0.000885013,0.000938419,0.00067139,0.00067902,0.000633243,0.000526432,0.000503544,0.000419619,0.000411989,0.000366213,0.000366213,0.000282289,0.000320436,0.00027466,0.000335695,0.000282289,0.000343325,0.000305178
36,0.00148011,0.00145722,0.00371553,0.00160218,0.0155793,0.00174714,0.0503314,0.00179292,0.080956,0.00256349,0.0950246,0.00548556,0.101243,0.00560001,0.0891652,0.00626376,0.105469,0.00621799,0.100716,0.00592044,0.0905538,0.00461581,0.0878835,0.00349428,0.0890203,0.0031891,0.0913548,0.0034485,0.0994573,0.00315858,0.102883,0.00282289,0.084374,0.00247957,0.0756154,0.00219728,0.0568621,0.00189973,0.026024,0.00130463,0.00232698,0.00103761,0.000862125,0.000907902,0.000656132,0.00067902,0.000617985,0.000526432,0.000503544,0.000419619,0.000411989,0.000381472,0.000373842,0.000289919,0.000328066,0.000289919,0.000343325,0.000289919,0.000343325,0.000312807
37,0.001503,0.00146485,0.00474551,0.00169373,0.0203401,0.00179292,0.063355,0.00189973,0.0969625,0.00353242,0.119133,0.0111085,0.12806,0.0101548,0.117592,0.0117341,0.130631,0.0112,0.127679,0.00994116,0.116211,0.00788885,0.113961,0.00652316,0.116745,0.00611117,0.118859,0.0073624,0.126824,0.00654605,0.129579,0.00555423,0.112969,0.00404361,0.10505,0.00321962,0.0775304,0.00199892,0.0369647,0.00125123,0.00612643,0.00100709,0.000946049,0.000892643,0.000648502,0.00067139,0.000625614,0.000534061,0.000511173,0.000427248,0.000419619,0.000389101,0.000381472,0.000305178,0.000328066,0.000297548,0.000343325,0.000305178,0.000350954,0.000320436
38,0.00152589,0.00147248,0.00582126,0.00189973,0.0247041,0.00211336,0.0715718,0.00238039,0.107361,0.00617221,0.132707,0.0196306,0.141549,0.0177385,0.136933,0.0201341,0.142182,0.0206758,0.140763,0.0187761,0.13437,0.0150681,0.13601,0.0135117,0.136781,0.0131531,0.138482,0.0154877,0.141213,0.014473,0.141931,0.0122605,0.135324,0.00936133,0.131814,0.00685886,0.101143,0.00285341,0.0506442,0.00122834,0.0150223,0.000991829,0.00130463,0.000885013,0.000640873,0.00067902,0.000625614,0.000534061,0.000511173,0.000434877,0.000419619,0.00039673,0.000381472,0.000312807,0.000335695,0.000305178,0.000350954,0.000312807,0.000358583,0.000328066
39,0.00154877,0.00148011,0.00653079,0.00216676,0.0271989,0.00281526,0.0749593,0.0035248,0.114075,0.0108796,0.139199,0.0293885,0.1475,0.025818,0.145295,0.0291597,0.147782,0.0292588,0.146127,0.0279313,0.14264,0.0234987,0.144731,0.0220643,0.14541,0.0225068,0.145936,0.0245134,0.147454,0.0231248,0.147981,0.0206147,0.144662,0.0170594,0.142396,0.0133668,0.112961,0.0050278,0.0655904,0.0012436,0.0249559,0.00097657,0.00278474,0.000877384,0.000625614,0.00067139,0.000617985,0.000534061,0.000518803,0.000442507,0.000419619,0.00040436,0.000389101,0.000312807,0.000335695,0.000312807,0.000358583,0.000312807,0.000358583,0.000335695
40,0.00158692,0.00147248,0.00762942,0.00269319,0.0291444,0.00490573,0.0772939,0.00675967,0.117775,0.0217057,0.142594,0.0425341,0.150476,0.0385592,0.149316,0.0420153,0.15046,0.0423586,0.149095,0.039551,0.147134,0.035744,0.148973,0.0345995,0.149491,0.0348055,0.149919,0.0373538,0.150743,0.0349047,0.151025,0.0331728,0.149331,0.0287858,0.147408,0.0252458,0.11979,0.0102616,0.0753942,0.00125886,0.0316546,0.000961307,0.00559238,0.000869755,0.000602726,0.000663761,0.000617985,0.000541691,0.000518803,0.000442507,0.000427248,0.00040436,0.000389101,0.000312807,0.000343325,0.000312807,0.000358583,0.000320436,0.000366213,0.000343325
41,0.0016327,0.00148011,0.0081864,0.00336458,0.0305482,0.00865942,0.0779347,0.012703,0.119149,0.0346911,0.144242,0.0552447,0.151971,0.0515139,0.151788,0.0552142,0.151521,0.0556796,0.150483,0.051842,0.1494,0.049309,0.151155,0.0479662,0.151544,0.0492709,0.151795,0.0505526,0.152276,0.048569,0.152688,0.047478,0.151711,0.0437777,0.150155,0.0383379,0.123246,0.0224153,0.0769658,0.00136567,0.0338519,0.000946049,0.00759891,0.000846867,0.000595096,0.000663761,0.000610355,0.000541691,0.000518803,0.000442507,0.000427248,0.000411989,0.000389101,0.000320436,0.000343325,0.000320436,0.000358583,0.000320436,0.000366213,0.000343325
42,0.0016861,0.001503,0.00855261,0.00479892,0.0317004,0.0165864,0.0805058,0.0246812,0.120606,0.0521777,0.144906,0.0708547,0.152352,0.0657048,0.152696,0.0694051,0.151155,0.0696263,0.150422,0.0648122,0.150376,0.0623629,0.152001,0.0620577,0.152429,0.063004,0.152467,0.0640645,0.152566,0.0627599,0.15294,0.0608599,0.152757,0.0571139,0.151582,0.0489047,0.124428,0.0341723,0.07692,0.00205232,0.0343249,0.00092316,0.00913244,0.000831608,0.000595096,0.000656132,0.000610355,0.000541691,0.000518803,0.000450136,0.000427248,0.000411989,0.00039673,0.000320436,0.000350954,0.000328066,0.000366213,0.000328066,0.000366213,0.000350954
43,0.00171662,0.00156403,0.0080567,0.00840765,0.0323794,0.0310289,0.0826726,0.0439913,0.122155,0.0775075,0.145486,0.104249,0.151475,0.0910649,0.151368,0.0939183,0.14988,0.0931783,0.149949,0.08709,0.151086,0.0849996,0.152299,0.0835347,0.152535,0.0852056,0.152406,0.0868154,0.152406,0.0836873,0.152841,0.0808492,0.152818,0.0756536,0.151635,0.0653005,0.121193,0.0460207,0.0742879,0.00568393,0.0313494,0.000900272,0.00835425,0.000816349,0.000595096,0.000656132,0.000595096,0.000541691,0.000503544,0.000450136,0.000427248,0.000411989,0.00039673,0.000328066,0.000350954,0.000328066,0.000366213,0.000328066,0.000366213,0.000358583
44,0.00169373,0.0016327,0.00575259,0.0118027,0.0291826,0.0406573,0.075295,0.0590594,0.119416,0.0974736,0.142808,0.128434,0.148629,0.119599,0.148263,0.120583,0.147332,0.118989,0.148728,0.114556,0.151895,0.114457,0.152406,0.113808,0.152421,0.115029,0.152329,0.116402,0.151292,0.113617,0.151551,0.112092,0.152566,0.105217,0.151002,0.0929494,0.118187,0.0614169,0.0715947,0.015564,0.027939,0.000946049,0.00659946,0.00080109,0.000602726,0.000648502,0.000595096,0.00054932,0.000488285,0.000457766,0.000427248,0.000419619,0.00039673,0.000335695,0.000350954,0.000335695,0.000366213,0.000335695,0.000373842,0.000366213
45,0.00164796,0.00173951,0.0035782,0.0147706,0.0227662,0.0484622,0.0601122,0.068459,0.113114,0.112832,0.135919,0.140603,0.1419,0.137452,0.143899,0.138535,0.142564,0.137986,0.144746,0.133615,0.151856,0.1335,0.152444,0.134942,0.152329,0.134988,0.152169,0.136209,0.146508,0.134706,0.145059,0.134355,0.149034,0.1298,0.147065,0.118569,0.111863,0.0823369,0.0629506,0.0265123,0.023491,0.0011673,0.00479892,0.000785831,0.000617985,0.000640873,0.000595096,0.00054932,0.000480654,0.000465395,0.000434877,0.000419619,0.00040436,0.000335695,0.000350954,0.000343325,0.000366213,0.000343325,0.000373842,0.000366213
46,0.00160981,0.00182343,0.00257112,0.016472,0.0152817,0.0526583,0.0441973,0.0722814,0.0956502,0.121476,0.125596,0.1466,0.13466,0.146104,0.136949,0.145555,0.136209,0.144937,0.140412,0.142556,0.151368,0.143746,0.152543,0.145295,0.152436,0.145082,0.151963,0.145898,0.140176,0.145333,0.13701,0.144662,0.142472,0.142198,0.141175,0.130433,0.106377,0.102944,0.0502245,0.0380251,0.0195924,0.00218965,0.0038376,0.000778202,0.000625614,0.000640873,0.000602726,0.00054932,0.000488285,0.000465395,0.000442507,0.000427248,0.00040436,0.000343325,0.000358583,0.000350954,0.000366213,0.000350954,0.000381472,0.000366213
47,0.00158692,0.00192261,0.00218965,0.0180589,0.00859076,0.0558169,0.0307389,0.075356,0.0698476,0.127534,0.109932,0.149545,0.121163,0.149713,0.128282,0.149766,0.128488,0.148301,0.13482,0.146607,0.150559,0.147843,0.152596,0.149095,0.152528,0.149201,0.151757,0.149339,0.132913,0.149156,0.123223,0.148812,0.133828,0.147164,0.132653,0.135354,0.0958562,0.111123,0.0356219,0.0439379,0.0152741,0.00347902,0.00288393,0.00080872,0.000633243,0.000633243,0.000610355,0.00055695,0.000495914,0.000473024,0.000450136,0.000427248,0.000411989,0.000343325,0.000366213,0.000350954,0.000373842,0.000350954,0.00039673,0.000366213
48,0.00156403,0.00201418,0.00195314,0.0184022,0.00527957,0.0561373,0.0205842,0.075417,0.0466464,0.12938,0.0820317,0.150811,0.10096,0.152116,0.115639,0.151925,0.116761,0.150537,0.127,0.149514,0.148644,0.150559,0.152612,0.15175,0.152642,0.151895,0.151666,0.151948,0.127694,0.151696,0.101113,0.151589,0.119782,0.150468,0.119637,0.139009,0.0751958,0.117669,0.0246736,0.0460894,0.0108643,0.00505832,0.00219728,0.000946049,0.000640873,0.000633243,0.000610355,0.00055695,0.000495914,0.000473024,0.000457766,0.000434877,0.000419619,0.000350954,0.000366213,0.000350954,0.000381472,0.000358583,0.000419619,0.000373842
49,0.00154877,0.0020981,0.00187684,0.0182801,0.00388338,0.0559237,0.0136643,0.0746999,0.0329363,0.129807,0.0558932,0.150941,0.071465,0.153123,0.0962453,0.152696,0.108201,0.151391,0.121361,0.150689,0.146935,0.151887,0.152497,0.153024,0.152741,0.153085,0.151673,0.15297,0.124596,0.152947,0.0786672,0.15297,0.0901341,0.152215,0.09269,0.141198,0.0470583,0.122475,0.0136185,0.0478442,0.00572971,0.0067673,0.00144196,0.00120545,0.000640873,0.000633243,0.000610355,0.00054932,0.000503544,0.000473024,0.000465395,0.000434877,0.000419619,0.000350954,0.000373842,0.000358583,0.000389101,0.000358583,0.000427248,0.000373842
50,0.00152589,0.0021515,0.0019684,0.0174257,0.00334932,0.056061,0.00958258,0.0741506,0.0238725,0.129869,0.0383227,0.150796,0.0477068,0.152406,0.0740666,0.151681,0.107354,0.150773,0.121621,0.150804,0.146752,0.152253,0.15249,0.153237,0.15278,0.153131,0.151734,0.152986,0.123955,0.153054,0.0730138,0.153047,0.0665822,0.152528,0.0654836,0.141282,0.0301439,0.123932,0.00669101,0.0477984,0.00315095,0.00711825,0.00110627,0.00140382,0.000648502,0.000617985,0.000617985,0.00054932,0.000503544,0.000473024,0.000465395,0.000434877,0.000427248,0.000358583,0.000373842,0.000358583,0.000389101,0.000358583,0.000427248,0.000381472
51,0.00151063,0.00209047,0.00234224,0.0148316,0.00377657,0.0545046,0.00838476,0.0716634,0.0175706,0.129319,0.0278856,0.149285,0.0348208,0.15046,0.0707402,0.149674,0.111329,0.150117,0.124657,0.151101,0.148141,0.152558,0.152513,0.153131,0.15268,0.153008,0.151376,0.152841,0.120278,0.152947,0.0670934,0.152986,0.0481417,0.152444,0.0408862,0.140283,0.0146409,0.122574,0.0028763,0.0445864,0.00148774,0.00564578,0.000900272,0.00128938,0.000640873,0.000617985,0.000610355,0.00054932,0.000495914,0.000473024,0.000465395,0.000434877,0.000419619,0.000358583,0.000366213,0.000358583,0.000389101,0.000366213,0.000427248,0.000381472
52,0.00151063,0.00189973,0.00329591,0.00894171,0.00539401,0.0470202,0.0110322,0.0601656,0.0181199,0.124543,0.0229875,0.141397,0.0302583,0.145722,0.0761266,0.145242,0.116181,0.146928,0.128953,0.151017,0.149232,0.152711,0.152421,0.153008,0.152497,0.152787,0.150399,0.151383,0.115349,0.15046,0.0594485,0.15043,0.0373919,0.149484,0.0233842,0.1354,0.00564578,0.118561,0.00167084,0.0382769,0.00110627,0.00410464,0.000823978,0.00106049,0.000633243,0.000617985,0.000610355,0.00055695,0.000495914,0.000473024,0.000457766,0.000442507,0.000419619,0.000358583,0.000366213,0.000366213,0.000381472,0.000366213,0.000427248,0.000389101
53,0.00153352,0.00173951,0.0055466,0.0049744,0.0095368,0.036629,0.0184404,0.0459445,0.0271913,0.116623,0.0302507,0.132882,0.0355608,0.138078,0.0793538,0.138947,0.118126,0.141908,0.131219,0.149278,0.149964,0.152772,0.15252,0.152909,0.15223,0.152482,0.150056,0.148591,0.1129,0.144807,0.0576479,0.144502,0.035744,0.143601,0.0196534,0.129006,0.00569919,0.114396,0.00147248,0.0312043,0.00102235,0.00307466,0.00080109,0.000968937,0.000633243,0.000617985,0.000602726,0.00055695,0.000495914,0.000473024,0.000457766,0.000450136,0.000419619,0.000366213,0.000366213,0.000366213,0.000389101,0.000366213,0.000427248,0.000389101
54,0.00156403,0.00165559,0.00960547,0.00331117,0.0189286,0.0264512,0.0313189,0.0326083,0.0418475,0.0952764,0.0472796,0.115967,0.0509875,0.127824,0.0848241,0.129228,0.119889,0.135575,0.133439,0.147355,0.150819,0.152749,0.152635,0.152871,0.152085,0.15207,0.150186,0.145349,0.109208,0.13675,0.0606844,0.135468,0.0432284,0.135285,0.033623,0.118927,0.0132142,0.107735,0.00151826,0.021454,0.000984199,0.00203706,0.00080109,0.000862125,0.000633243,0.000625614,0.000602726,0.000564579,0.000495914,0.000480654,0.000457766,0.000450136,0.000419619,0.000366213,0.000366213,0.000373842,0.000389101,0.000373842,0.000427248,0.00039673
55,0.00154877,0.00162507,0.0115052,0.00272371,0.0238038,0.0195924,0.0416567,0.0242692,0.0551074,0.0728307,0.0607913,0.0952001,0.0639882,0.1167,0.0835423,0.12043,0.11937,0.130197,0.132463,0.144235,0.151025,0.152146,0.152741,0.152909,0.152352,0.151834,0.150369,0.143174,0.107949,0.127572,0.0682759,0.123055,0.0561068,0.124009,0.0483248,0.103592,0.0252382,0.0979238,0.00252534,0.0137253,0.000991829,0.00138093,0.00080872,0.000823978,0.000633243,0.000625614,0.000610355,0.000564579,0.000495914,0.000480654,0.000457766,0.000457766,0.000419619,0.000373842,0.000366213,0.000373842,0.000389101,0.000373842,0.000427248,0.00040436
56,0.00152589,0.00160218,0.0097962,0.00246431,0.0239106,0.0138627,0.0484927,0.0178453,0.0658498,0.0531542,0.073525,0.0696187,0.0748601,0.0951619,0.0803914,0.108262,0.116822,0.122788,0.129144,0.142121,0.150453,0.151414,0.152818,0.152894,0.152688,0.151666,0.151071,0.141809,0.113709,0.117119,0.081223,0.100564,0.0667043,0.103821,0.0577166,0.0759511,0.0351946,0.075707,0.00584415,0.00750735,0.00105286,0.00109101,0.000831608,0.000793461,0.000633243,0.000625614,0.000610355,0.000564579,0.000503544,0.000480654,0.000473024,0.000465395,0.000434877,0.000373842,0.000373842,0.000381472,0.00039673,0.000381472,0.000434877,0.00040436
57,0.00153352,0.00157166,0.00986487,0.00230409,0.0268556,0.00840002,0.0602267,0.0111619,0.0783315,0.0353549,0.0900502,0.0438769,0.0920873,0.0639882,0.0880589,0.100251,0.119416,0.118729,0.129861,0.141435,0.149453,0.151055,0.152925,0.152902,0.152902,0.151673,0.151734,0.141129,0.122002,0.107102,0.0974507,0.0701604,0.0786977,0.0717397,0.0691686,0.0464785,0.0448763,0.0469515,0.0147706,0.00327303,0.00122834,0.000961307,0.000854496,0.000778202,0.000640873,0.000625614,0.000617985,0.000564579,0.000511173,0.000488285,0.000473024,0.000465395,0.000442507,0.000373842,0.000389101,0.000381472,0.00040436,0.000381472,0.000450136,0.000411989
58,0.00152589,0.00154115,0.00926977,0.00262453,0.0256959,0.00599673,0.0653996,0.00774387,0.0852513,0.021988,0.102524,0.0286561,0.105629,0.0457613,0.095696,0.100945,0.122735,0.117699,0.130586,0.142167,0.15014,0.151238,0.152986,0.152795,0.152932,0.151414,0.151681,0.140641,0.127481,0.104859,0.122254,0.0512774,0.103707,0.0404131,0.0895238,0.0245515,0.0526507,0.0229188,0.0207826,0.00180817,0.00139619,0.000900272,0.000831608,0.000762943,0.000633243,0.000625614,0.000610355,0.000564579,0.000511173,0.000488285,0.000473024,0.000465395,0.000434877,0.000373842,0.000381472,0.000381472,0.00040436,0.000381472,0.000442507,0.000411989
59,0.0016327,0.00157929,0.0156633,0.00385286,0.0385745,0.00738528,0.0881658,0.00937659,0.108712,0.018242,0.127824,0.0263749,0.130212,0.0412295,0.12323,0.103081,0.136636,0.1204,0.140573,0.143067,0.149842,0.151429,0.152963,0.152658,0.153054,0.150552,0.152009,0.139146,0.134446,0.104912,0.128076,0.0447848,0.114449,0.0242158,0.101555,0.0119324,0.0617602,0.00959784,0.0270463,0.00135041,0.00188447,0.000854496,0.000846867,0.000747684,0.000640873,0.000625614,0.000617985,0.000572208,0.000511173,0.000488285,0.000473024,0.000465395,0.000442507,0.000381472,0.000389101,0.000389101,0.000411989,0.000389101,0.000450136,0.000411989
60,0.00221254,0.00159455,0.0320208,0.00621799,0.0731359,0.0114136,0.114258,0.0149003,0.139932,0.0251085,0.149606,0.0358965,0.150788,0.0432818,0.14882,0.103814,0.15133,0.122506,0.151628,0.144341,0.152276,0.151887,0.152909,0.152505,0.153001,0.150163,0.152276,0.137689,0.148339,0.104035,0.148286,0.0438082,0.144288,0.0232545,0.134133,0.013527,0.0760503,0.00577548,0.0259553,0.00121308,0.00199892,0.000839237,0.000755314,0.000740055,0.000617985,0.000625614,0.000595096,0.000579838,0.000495914,0.000495914,0.000465395,0.000473024,0.000427248,0.000381472,0.000373842,0.000389101,0.00039673,0.000389101,0.000427248,0.000419619
61,0.00218965,0.00166322,0.0305101,0.0088349,0.0695043,0.0180894,0.114686,0.0230104,0.141145,0.0359042,0.151444,0.0485003,0.152711,0.0495837,0.15165,0.104088,0.152719,0.123192,0.152757,0.145181,0.152932,0.152108,0.152978,0.152329,0.153001,0.150315,0.152841,0.1373,0.152673,0.102128,0.152497,0.0484087,0.15104,0.0359118,0.140855,0.0271074,0.0825582,0.00998694,0.021042,0.00115968,0.00212862,0.000839237,0.000724796,0.000732426,0.000602726,0.000617985,0.000579838,0.000579838,0.000488285,0.000495914,0.000450136,0.000473024,0.000419619,0.000381472,0.000366213,0.000389101,0.000381472,0.00039673,0.000419619,0.000419619
62,0.00221254,0.0016861,0.0289842,0.0114823,0.0674977,0.0251008,0.113495,0.0305406,0.140603,0.0472796,0.151666,0.0594027,0.153237,0.0575259,0.152589,0.10344,0.152955,0.122056,0.153047,0.14486,0.153077,0.152055,0.153062,0.152436,0.153085,0.150544,0.15294,0.137712,0.152848,0.101433,0.152673,0.0564501,0.15204,0.047188,0.143731,0.037842,0.0875096,0.0198442,0.0274125,0.00120545,0.00359346,0.000831608,0.00080872,0.000732426,0.000602726,0.000617985,0.000579838,0.000579838,0.000495914,0.000503544,0.000457766,0.000473024,0.000419619,0.000389101,0.000366213,0.00039673,0.000389101,0.00039673,0.000427248,0.000419619
63,0.00238802,0.0016861,0.0296861,0.0123749,0.07618,0.0302202,0.115921,0.0360568,0.142838,0.0584719,0.152383,0.0728459,0.153352,0.066895,0.152864,0.10167,0.153062,0.120247,0.153138,0.143624,0.153146,0.151803,0.153123,0.152566,0.153115,0.151124,0.152947,0.139588,0.152864,0.104722,0.152543,0.0655904,0.15207,0.0586779,0.142892,0.047127,0.0838246,0.0312272,0.021927,0.001503,0.00318147,0.000839237,0.000785831,0.000740055,0.000595096,0.000617985,0.000579838,0.000579838,0.000495914,0.000511173,0.000457766,0.000473024,0.000419619,0.00039673,0.000366213,0.00040436,0.000389101,0.00040436,0.000419619,0.000419619
64,0.0020981,0.0016861,0.0220262,0.0142747,0.0638509,0.035599,0.110711,0.0453036,0.139604,0.070786,0.151574,0.0899358,0.153214,0.0798573,0.152978,0.104134,0.153062,0.121506,0.153146,0.143456,0.15326,0.151628,0.153169,0.152627,0.153291,0.151422,0.153047,0.140588,0.152825,0.108651,0.152177,0.0770726,0.15207,0.069756,0.142602,0.0572588,0.0833974,0.0392382,0.0205461,0.00227357,0.00319673,0.000823978,0.000846867,0.000740055,0.000602726,0.000617985,0.000579838,0.000579838,0.000495914,0.000511173,0.000465395,0.000480654,0.000427248,0.00039673,0.000373842,0.000411989,0.000389101,0.000411989,0.000419619,0.000427248
65,0.00184632,0.0016861,0.0126954,0.0161897,0.043648,0.0450976,0.0992589,0.0596926,0.131158,0.0880132,0.148751,0.115258,0.152825,0.101113,0.153169,0.112473,0.152627,0.125459,0.15297,0.144067,0.152856,0.151628,0.153008,0.152604,0.153237,0.151498,0.15294,0.141786,0.151902,0.114075,0.151132,0.0998158,0.152268,0.0888219,0.145684,0.0708241,0.0908437,0.047066,0.0313113,0.00401309,0.00691226,0.00080872,0.00126649,0.000732426,0.000610355,0.000617985,0.000579838,0.000579838,0.000503544,0.000503544,0.000473024,0.000480654,0.000442507,0.00040436,0.000389101,0.000411989,0.000411989,0.000411989,0.000442507,0.000427248
66,0.0017624,0.00182343,0.00901037,0.0223161,0.0376894,0.064507,0.0916829,0.0816426,0.127358,0.110253,0.145921,0.135201,0.151101,0.126931,0.152703,0.130471,0.151055,0.136971,0.151475,0.146676,0.152169,0.151971,0.152421,0.152581,0.152642,0.151368,0.152345,0.143868,0.150857,0.128495,0.149858,0.125276,0.15194,0.117371,0.1475,0.0928349,0.0980916,0.0566256,0.04052,0.00583652,0.0113526,0.000762943,0.0019455,0.000701908,0.000617985,0.000610355,0.000579838,0.000572208,0.000511173,0.000495914,0.000480654,0.000473024,0.000457766,0.00039673,0.00040436,0.00040436,0.000419619,0.00040436,0.000465395,0.000419619
67,0.00170136,0.00223543,0.00611117,0.029709,0.0320437,0.0817037,0.0803838,0.0970693,0.122597,0.130151,0.142686,0.146539,0.148683,0.142556,0.150941,0.143815,0.148904,0.145577,0.149148,0.14943,0.150689,0.15204,0.151101,0.152581,0.15117,0.151582,0.150567,0.147042,0.148828,0.14055,0.14734,0.140435,0.150613,0.135835,0.146836,0.107804,0.099793,0.0684514,0.0433581,0.00859076,0.0129624,0.000740055,0.00223543,0.00067902,0.000633243,0.000602726,0.000587467,0.000572208,0.000511173,0.000495914,0.000488285,0.000473024,0.000457766,0.000389101,0.000411989,0.00039673,0.000419619,0.00040436,0.000473024,0.000419619
68,0.00160981,0.00283815,0.00335695,0.0341494,0.0233232,0.0912251,0.0603945,0.104447,0.107872,0.139298,0.129457,0.151254,0.136872,0.150147,0.143128,0.150056,0.13749,0.150056,0.138741,0.151109,0.144341,0.152154,0.145082,0.152513,0.144372,0.152223,0.144372,0.150376,0.141198,0.148362,0.139192,0.147943,0.143823,0.144151,0.139535,0.116601,0.0883946,0.081696,0.0313494,0.0110398,0.00994116,0.000740055,0.00188447,0.000648502,0.000625614,0.000587467,0.000579838,0.000564579,0.000511173,0.000488285,0.000488285,0.000473024,0.000457766,0.000389101,0.000411989,0.00039673,0.000427248,0.00039673,0.000473024,0.000419619
69,0.00154877,0.00333406,0.00242616,0.036011,0.0116883,0.0945897,0.0336688,0.106713,0.0592577,0.142755,0.0800633,0.153131,0.0890508,0.152696,0.111405,0.152452,0.0919881,0.152246,0.097611,0.152368,0.113152,0.152322,0.117989,0.152482,0.115784,0.15249,0.116173,0.152085,0.106408,0.151971,0.100052,0.152001,0.117196,0.148126,0.109749,0.121293,0.0338213,0.0926366,0.00592807,0.0130387,0.00205232,0.000785831,0.000984199,0.000625614,0.000617985,0.000579838,0.000579838,0.000564579,0.000503544,0.000488285,0.000473024,0.000473024,0.000450136,0.000389101,0.00039673,0.00039673,0.000419619,0.00039673,0.000450136,0.000419619
70,0.00152589,0.00310518,0.00204469,0.0333941,0.00649264,0.08989,0.0220186,0.104828,0.0375216,0.1419,0.0489962,0.153176,0.0548556,0.153161,0.0759587,0.152688,0.0585024,0.152566,0.0611193,0.152535,0.0714803,0.152314,0.0736241,0.152474,0.0741506,0.152497,0.072228,0.152322,0.0593569,0.152558,0.0549166,0.152558,0.0742574,0.149308,0.0644231,0.123383,0.00834662,0.0968785,0.00156403,0.0148011,0.00114442,0.000862125,0.000885013,0.000617985,0.000625614,0.000579838,0.000579838,0.000564579,0.000503544,0.000495914,0.000473024,0.000473024,0.000442507,0.00039673,0.000389101,0.00040436,0.000411989,0.00040436,0.000450136,0.000419619
71,0.001503,0.00263979,0.0017624,0.0281373,0.00332643,0.0822682,0.00853735,0.0997624,0.016678,0.139947,0.0221177,0.152917,0.0255815,0.153016,0.0344851,0.152612,0.0260469,0.152497,0.0281907,0.152497,0.0391467,0.152307,0.0409319,0.152436,0.0412524,0.152459,0.039017,0.152253,0.0333865,0.152474,0.0291749,0.152543,0.0398715,0.14998,0.0343478,0.127038,0.00373842,0.101754,0.00145722,0.0185472,0.00112153,0.00103761,0.000900272,0.000640873,0.000633243,0.000579838,0.000579838,0.000572208,0.000503544,0.000503544,0.000473024,0.000480654,0.000442507,0.00040436,0.000389101,0.000411989,0.000411989,0.000411989,0.000450136,0.000434877
72,0.00149537,0.00237276,0.00165559,0.0231782,0.00234224,0.0747457,0.00452426,0.0937963,0.00781256,0.137712,0.0116883,0.151734,0.0133134,0.152993,0.0207292,0.152513,0.0146409,0.152551,0.0158998,0.152474,0.0179521,0.15236,0.0194017,0.152429,0.0193864,0.152497,0.0180131,0.152246,0.0143586,0.152421,0.0117417,0.152543,0.0174409,0.150224,0.0128327,0.128091,0.00221254,0.10373,0.00147248,0.0203859,0.00115968,0.00121308,0.000946049,0.000663761,0.000633243,0.000579838,0.000587467,0.000572208,0.000503544,0.000503544,0.000473024,0.000488285,0.000450136,0.000411989,0.00039673,0.000419619,0.000411989,0.000419619,0.000457766,0.000442507
73,0.00148774,0.00220491,0.00158692,0.0188752,0.0020218,0.0685735,0.00329591,0.0868688,0.00584415,0.135278,0.00911719,0.148942,0.0112534,0.151933,0.0178376,0.151444,0.0122986,0.151528,0.0132371,0.151551,0.0148545,0.151574,0.0162965,0.151826,0.0165864,0.151887,0.0154725,0.151437,0.0119477,0.151681,0.0103837,0.151704,0.0156862,0.149438,0.0126877,0.126191,0.00258638,0.103074,0.00164033,0.0197831,0.00128938,0.00122834,0.00105286,0.00067139,0.00067139,0.000579838,0.000602726,0.000572208,0.000511173,0.000503544,0.000488285,0.000488285,0.000465395,0.000419619,0.000419619,0.000419619,0.000427248,0.000419619,0.000473024,0.000442507
74,0.00147248,0.00201418,0.00157166,0.0129777,0.00184632,0.0596774,0.00252534,0.0764699,0.0035782,0.130464,0.00470737,0.143128,0.00553134,0.147775,0.00921637,0.147363,0.00603488,0.147553,0.00646213,0.148217,0.00868231,0.14837,0.0097962,0.148774,0.0103379,0.14885,0.00937659,0.148324,0.00739291,0.148683,0.0066376,0.148652,0.00985724,0.146012,0.00791937,0.121552,0.00259401,0.100449,0.00173188,0.0169755,0.00136567,0.0011139,0.00112916,0.00067139,0.000694279,0.000579838,0.000617985,0.000572208,0.000518803,0.000503544,0.000495914,0.000488285,0.000473024,0.000419619,0.000419619,0.000419619,0.000442507,0.000419619,0.000480654,0.000450136
75,0.00147248,0.00177766,0.00157166,0.00731662,0.00180054,0.0470583,0.00226595,0.0595095,0.00284578,0.120835,0.00340272,0.132073,0.0037079,0.140351,0.00469211,0.13968,0.00356294,0.140168,0.00370027,0.141862,0.00411227,0.141976,0.00443271,0.142953,0.004509,0.142808,0.00422671,0.142053,0.00402072,0.142999,0.0040665,0.141702,0.00470737,0.139153,0.0040665,0.11261,0.0025406,0.0947347,0.00184632,0.0111695,0.00141907,0.000938419,0.00115968,0.00067139,0.000694279,0.000579838,0.000617985,0.000572208,0.000511173,0.000503544,0.000488285,0.000488285,0.000473024,0.000419619,0.000419619,0.000419619,0.000434877,0.000419619,0.000480654,0.000450136
76,0.00147248,0.00164033,0.00160218,0.00415805,0.00183869,0.0298463,0.00244142,0.0379107,0.00296785,0.0937428,0.00361635,0.100663,0.00395969,0.122223,0.0030594,0.121872,0.00311281,0.122582,0.00284578,0.1279,0.00299074,0.128388,0.00310518,0.130136,0.00308229,0.130166,0.00321199,0.129846,0.00421908,0.13128,0.00586703,0.129449,0.00498202,0.127236,0.00527957,0.0955434,0.00462344,0.0800023,0.00239564,0.00511935,0.00149537,0.000839237,0.00119782,0.00067902,0.000701908,0.000579838,0.000625614,0.000564579,0.000503544,0.000503544,0.000488285,0.000488285,0.000473024,0.000419619,0.000419619,0.000419619,0.000434877,0.000419619,0.000480654,0.000450136
77,0.00146485,0.00157166,0.00164796,0.00273897,0.0019684,0.0182115,0.00335695,0.0228273,0.00640109,0.054558,0.0108948,0.061043,0.0114899,0.082787,0.00503543,0.0832677,0.00588992,0.0849843,0.00453952,0.0923162,0.00260164,0.0941548,0.00251009,0.099297,0.00270082,0.0978322,0.00361635,0.0969777,0.0108796,0.100579,0.0193101,0.0990758,0.0137406,0.0979009,0.014946,0.0554354,0.0147935,0.045418,0.00649264,0.00187684,0.00192261,0.000823978,0.00121308,0.000694279,0.000663761,0.000579838,0.000602726,0.000564579,0.000495914,0.000503544,0.000473024,0.000488285,0.000450136,0.000419619,0.00039673,0.000419619,0.000419619,0.000419619,0.000465395,0.000450136
78,0.00146485,0.00153352,0.00173951,0.00219728,0.00242616,0.00977331,0.00508121,0.0134125,0.0131302,0.0342944,0.0209886,0.0375903,0.0222017,0.0509722,0.0114594,0.0527804,0.0122681,0.0527575,0.00891882,0.0558779,0.00334169,0.0579684,0.00295259,0.060837,0.00363161,0.0601351,0.00649264,0.0593493,0.0210954,0.0621493,0.0357211,0.0605929,0.0277025,0.0595553,0.0279619,0.0295182,0.0307847,0.0212938,0.0163423,0.00128938,0.00360872,0.000839237,0.00151826,0.000717167,0.000656132,0.000579838,0.000595096,0.000564579,0.000488285,0.000511173,0.000473024,0.000495914,0.000442507,0.000419619,0.000389101,0.000427248,0.000411989,0.000427248,0.000457766,0.000450136
79,0.00147248,0.00152589,0.0021515,0.00189973,0.00453952,0.00543216,0.012436,0.00695041,0.0266725,0.0202943,0.0369036,0.0222474,0.0379031,0.032181,0.0247957,0.0329134,0.0263368,0.0333407,0.0206681,0.0357897,0.00579837,0.036217,0.00428012,0.0385516,0.00596622,0.0384524,0.0110169,0.0372317,0.0344927,0.0390475,0.0495684,0.0381777,0.0420687,0.0369189,0.043175,0.0161668,0.0447314,0.0102921,0.0293123,0.00125123,0.00875098,0.000862125,0.0024872,0.000740055,0.000656132,0.000587467,0.000595096,0.000564579,0.000488285,0.000518803,0.000473024,0.000495914,0.000442507,0.000419619,0.00039673,0.000434877,0.000411989,0.000434877,0.000457766,0.000457766
80,0.00149537,0.00152589,0.00282289,0.00175477,0.00897986,0.00325777,0.0231935,0.00389101,0.0414355,0.010048,0.0522234,0.0107346,0.053879,0.017212,0.0428469,0.016472,0.0445712,0.0176774,0.0392535,0.0203706,0.015152,0.0204393,0.00907904,0.0218431,0.0142823,0.0208055,0.023285,0.0198747,0.0580676,0.0218126,0.069344,0.0209733,0.0616992,0.0189592,0.062485,0.00714877,0.0599597,0.00521854,0.0430834,0.00126649,0.0214845,0.000900272,0.00672916,0.000770573,0.000640873,0.000595096,0.000579838,0.000564579,0.000480654,0.000518803,0.000473024,0.000503544,0.000442507,0.000427248,0.000389101,0.000434877,0.000411989,0.000434877,0.000457766,0.000465395
81,0.001503,0.00151063,0.00341798,0.00169373,0.0113831,0.00250246,0.0302583,0.00277711,0.0498736,0.00527957,0.0609972,0.00532535,0.0623171,0.00814062,0.0529711,0.00829321,0.0541689,0.00891882,0.0482104,0.0101319,0.0259172,0.00995642,0.0141297,0.010666,0.0197068,0.0105134,0.0311738,0.0100861,0.0730367,0.0119019,0.0876851,0.0108948,0.0773549,0.00872046,0.0768895,0.00387575,0.0748906,0.00302888,0.0536349,0.00128938,0.0317004,0.00093079,0.0161363,0.000793461,0.000648502,0.000602726,0.000579838,0.000572208,0.000480654,0.000511173,0.000473024,0.000503544,0.000457766,0.000427248,0.000411989,0.000442507,0.000419619,0.000442507,0.000473024,0.000465395
82,0.00152589,0.00149537,0.00600436,0.00167847,0.0193483,0.00215913,0.0512774,0.00234987,0.0720601,0.00343324,0.0811925,0.00356294,0.0823369,0.0043793,0.0689855,0.00440982,0.0710225,0.00462344,0.0615618,0.00505832,0.0348513,0.00550845,0.0206529,0.00564578,0.0272523,0.00561526,0.0451891,0.00574496,0.0877919,0.00642398,0.107354,0.00601199,0.0965581,0.00516513,0.0954366,0.00292207,0.0971913,0.00253297,0.0685887,0.00131226,0.0401461,0.000946049,0.0250779,0.00080872,0.000732426,0.000602726,0.000579838,0.000564579,0.000480654,0.000511173,0.000480654,0.000503544,0.000465395,0.000427248,0.000419619,0.000442507,0.000434877,0.000442507,0.000480654,0.000465395
83,0.00151063,0.00148011,0.00414279,0.00167847,0.0129166,0.00206758,0.0429308,0.00221254,0.069016,0.00291444,0.0816579,0.00286867,0.0837636,0.00306703,0.07161,0.00303651,0.0749288,0.00303651,0.068871,0.00325014,0.0437853,0.00333406,0.0316775,0.0034485,0.0423357,0.00343324,0.0648351,0.00349428,0.112526,0.00392154,0.134332,0.00389101,0.126306,0.00363924,0.126229,0.00304414,0.128266,0.00231935,0.0920186,0.00134278,0.0504076,0.000946049,0.0354693,0.00080872,0.00114442,0.000602726,0.000541691,0.000564579,0.000480654,0.000511173,0.000473024,0.000495914,0.000457766,0.000427248,0.00040436,0.000442507,0.000419619,0.000434877,0.000473024,0.000465395
84,0.001503,0.00147248,0.00401309,0.00164796,0.0121995,0.00198366,0.0452349,0.00212099,0.0711675,0.00271608,0.0860066,0.0037079,0.0926671,0.00291444,0.0793157,0.00280763,0.0863347,0.00271608,0.0667577,0.0027466,0.0487902,0.0027466,0.0262986,0.00276186,0.0288469,0.0028,0.0471575,0.00302126,0.0994191,0.00374605,0.124321,0.00453952,0.116189,0.00459293,0.116547,0.0050278,0.124421,0.00305177,0.10019,0.00151063,0.0579379,0.000953678,0.0403674,0.00080872,0.00269319,0.000595096,0.000587467,0.00055695,0.000473024,0.000503544,0.000480654,0.000495914,0.000465395,0.000427248,0.000419619,0.000434877,0.000434877,0.000434877,0.000488285,0.000465395
85,0.00152589,0.00147248,0.00770572,0.00165559,0.02417,0.0019684,0.0727468,0.00217439,0.0989308,0.00403598,0.120476,0.00983435,0.127038,0.00581363,0.117142,0.00427249,0.126878,0.00346376,0.101685,0.00273897,0.0634694,0.00259401,0.0426333,0.00257875,0.0551531,0.00292207,0.0804601,0.00388338,0.128419,0.00617221,0.143182,0.0100937,0.139604,0.0112992,0.14042,0.0135651,0.14042,0.00719455,0.116967,0.00260927,0.0726628,0.00102235,0.0503619,0.00080109,0.00450137,0.000595096,0.00067139,0.00054932,0.000473024,0.000503544,0.000473024,0.000488285,0.000465395,0.000419619,0.000419619,0.000434877,0.000442507,0.000434877,0.000488285,0.000457766
86,0.00154877,0.00147248,0.00939184,0.00174714,0.0282518,0.00225832,0.0797963,0.00289156,0.108017,0.0100861,0.132218,0.0226899,0.13907,0.014946,0.135186,0.010315,0.139749,0.00727847,0.128724,0.00385286,0.0827184,0.00280763,0.0604098,0.00291444,0.0767293,0.00465396,0.0986257,0.00847632,0.141488,0.0137787,0.149392,0.0220338,0.147676,0.0238801,0.148393,0.0281907,0.146928,0.0180513,0.125794,0.00648502,0.087029,0.00130463,0.0657735,0.000785831,0.00649264,0.000579838,0.000831608,0.00054932,0.000473024,0.000495914,0.000473024,0.000488285,0.000465395,0.000419619,0.000419619,0.000427248,0.000434877,0.000427248,0.000480654,0.000450136
87,0.00158692,0.00148011,0.0113831,0.00196077,0.0313876,0.00306703,0.0850606,0.00441745,0.115159,0.0192796,0.138864,0.0346529,0.145234,0.0253373,0.142945,0.0201799,0.144738,0.0152588,0.137361,0.00766757,0.0950017,0.00379945,0.0752187,0.00398257,0.08989,0.00799567,0.109292,0.0168535,0.146035,0.0237352,0.151315,0.0368655,0.150773,0.0387499,0.151124,0.0441592,0.149438,0.0325854,0.129891,0.0171663,0.0962453,0.00247957,0.0754628,0.000877384,0.00872046,0.000579838,0.00125886,0.000541691,0.000473024,0.000495914,0.000473024,0.000480654,0.000457766,0.000419619,0.000419619,0.000427248,0.000427248,0.000427248,0.000480654,0.000450136
88,0.00164796,0.00148774,0.0132218,0.00227357,0.0341647,0.0049744,0.0886159,0.00786597,0.120759,0.0280534,0.143334,0.0458148,0.149301,0.0385211,0.148019,0.0319369,0.148477,0.0276719,0.142388,0.0158387,0.103348,0.00730899,0.089211,0.00601199,0.102196,0.0134431,0.12217,0.0273286,0.149171,0.0373309,0.152116,0.0511782,0.152078,0.0531695,0.152345,0.0564959,0.149934,0.0476458,0.130433,0.0308686,0.100838,0.00769809,0.0791478,0.00138093,0.00949866,0.000572208,0.00175477,0.000541691,0.000457766,0.000488285,0.000473024,0.000480654,0.000457766,0.000419619,0.000419619,0.000434877,0.000427248,0.000434877,0.000480654,0.000457766
89,0.0016861,0.00149537,0.0126191,0.00289918,0.0332568,0.0108796,0.0851903,0.0152665,0.121331,0.038872,0.144586,0.0574572,0.151093,0.0515826,0.150575,0.0465319,0.150315,0.0421145,0.146058,0.0305482,0.113091,0.0149613,0.10048,0.00959784,0.113823,0.0199586,0.133645,0.0368121,0.150987,0.0519564,0.152368,0.0628438,0.152413,0.0650487,0.15239,0.0677724,0.150163,0.0593798,0.131707,0.0417025,0.104279,0.018593,0.0822225,0.00395206,0.0115815,0.00054932,0.00263979,0.000534061,0.000457766,0.000480654,0.000465395,0.000480654,0.000465395,0.000427248,0.000419619,0.000434877,0.000442507,0.000434877,0.000488285,0.000465395
90,0.00171662,0.00151826,0.0120621,0.0042496,0.0324252,0.0199052,0.0821004,0.0264894,0.120888,0.053055,0.145005,0.0701909,0.151772,0.0641255,0.151658,0.0588076,0.150559,0.0536807,0.14782,0.0416796,0.119797,0.0240937,0.109826,0.0188524,0.124535,0.0339587,0.139871,0.0592883,0.151818,0.0719838,0.152398,0.0834737,0.152368,0.0840306,0.152421,0.0892491,0.150559,0.073853,0.133569,0.049042,0.107514,0.0257722,0.0845494,0.00745395,0.013939,0.000526432,0.00394443,0.000526432,0.000450136,0.000473024,0.000473024,0.000480654,0.000465395,0.000419619,0.000427248,0.000434877,0.000450136,0.000427248,0.000495914,0.000457766
91,0.00174714,0.00152589,0.0121842,0.00505832,0.0326846,0.0231858,0.0817876,0.0325091,0.120881,0.0606921,0.145356,0.0794377,0.152139,0.0720372,0.15204,0.0664372,0.150353,0.0613406,0.147714,0.0486071,0.122887,0.0311433,0.121766,0.0233384,0.134828,0.0401995,0.145272,0.0681996,0.152345,0.0830541,0.152398,0.0973897,0.152406,0.0982594,0.152528,0.105118,0.150697,0.0866628,0.133973,0.0572207,0.108178,0.0328448,0.0849538,0.0148392,0.0143738,0.000511173,0.00424197,0.000526432,0.000450136,0.000473024,0.000473024,0.000473024,0.000473024,0.000427248,0.000442507,0.000434877,0.000450136,0.000434877,0.000495914,0.000457766
92,0.0017624,0.0015564,0.0125504,0.00751498,0.0330584,0.029091,0.0826116,0.0416567,0.121315,0.0747228,0.145608,0.0965276,0.152314,0.0852437,0.152047,0.0802999,0.150277,0.0727925,0.147492,0.0567935,0.123383,0.0376208,0.126908,0.0318453,0.139115,0.0558093,0.146874,0.0845571,0.152474,0.0999227,0.152413,0.121193,0.152413,0.121743,0.152581,0.128388,0.150712,0.112534,0.133729,0.070519,0.107865,0.0404589,0.0846105,0.0237962,0.0139542,0.000480654,0.00386812,0.000518803,0.000450136,0.000473024,0.000473024,0.000473024,0.000473024,0.000427248,0.000442507,0.000434877,0.000457766,0.000434877,0.000495914,0.000457766
93,0.0017624,0.00160218,0.0130387,0.0111771,0.0337145,0.0356982,0.0842366,0.0529482,0.121949,0.0916066,0.145875,0.119729,0.152528,0.108529,0.152024,0.107743,0.150216,0.0996022,0.147408,0.0719457,0.123208,0.0452502,0.127755,0.0446932,0.139909,0.0742955,0.147172,0.0994344,0.152535,0.118767,0.152436,0.136941,0.152452,0.138215,0.152612,0.140428,0.150689,0.133599,0.133355,0.0870214,0.107445,0.0515292,0.0841603,0.0338519,0.0135499,0.000526432,0.00363161,0.000518803,0.000450136,0.000473024,0.000473024,0.000473024,0.000473024,0.000419619,0.000442507,0.000434877,0.000450136,0.000434877,0.000503544,0.000457766
94,0.00177003,0.00169373,0.013115,0.0166856,0.0338519,0.0475924,0.0845647,0.0685964,0.122155,0.109185,0.146035,0.136575,0.152635,0.133309,0.152177,0.133225,0.150231,0.130662,0.147462,0.100457,0.123284,0.0579073,0.127954,0.0660481,0.140069,0.092629,0.147256,0.118409,0.152558,0.136239,0.15249,0.146401,0.152482,0.147538,0.152673,0.148011,0.150697,0.144273,0.133325,0.100731,0.107354,0.0663838,0.0840306,0.0454485,0.0134507,0.000755314,0.00354768,0.000503544,0.000450136,0.000473024,0.000473024,0.000473024,0.000473024,0.000419619,0.000434877,0.000434877,0.000450136,0.000434877,0.000495914,0.000457766
95,0.00177003,0.00191499,0.0131455,0.0226976,0.0338061,0.0602572,0.0846334,0.0810246,0.122254,0.123795,0.146081,0.145631,0.152612,0.144761,0.152261,0.144143,0.15027,0.141007,0.147576,0.117371,0.123375,0.0719762,0.127992,0.0880895,0.140168,0.111245,0.147302,0.134568,0.152596,0.145951,0.152528,0.150994,0.152535,0.151788,0.152741,0.152017,0.150735,0.14911,0.133462,0.107163,0.107369,0.0728841,0.0840688,0.0510561,0.0134736,0.000999458,0.00347902,0.000503544,0.000450136,0.000473024,0.000473024,0.000473024,0.000473024,0.000419619,0.000434877,0.000427248,0.000450136,0.000434877,0.000503544,0.000457766
96,0.0017624,0.00205232,0.0131684,0.0245286,0.0337832,0.0639043,0.0847783,0.0854955,0.122368,0.129479,0.146127,0.149529,0.152566,0.149156,0.152223,0.148599,0.150376,0.146073,0.147538,0.124268,0.123459,0.0871434,0.128106,0.102143,0.140168,0.125726,0.147363,0.14438,0.152665,0.15014,0.152574,0.15278,0.152604,0.153123,0.152741,0.152673,0.150773,0.150788,0.133515,0.108399,0.107483,0.0732961,0.0841069,0.0509112,0.0134278,0.000999458,0.0034485,0.000503544,0.000450136,0.000465395,0.000473024,0.000473024,0.000473024,0.000419619,0.000434877,0.000427248,0.000450136,0.000427248,0.000495914,0.000450136
97,0.0017624,0.00214387,0.0132981,0.0241624,0.0339663,0.0624545,0.0850301,0.0835652,0.122521,0.131188,0.146295,0.151032,0.152696,0.151643,0.152268,0.151086,0.150399,0.149133,0.147546,0.131242,0.123574,0.0979695,0.128205,0.112755,0.140351,0.135079,0.147393,0.147637,0.152726,0.15165,0.152596,0.152978,0.152665,0.153047,0.152741,0.152635,0.150842,0.151238,0.133462,0.111214,0.107323,0.0759282,0.0841146,0.0549014,0.0133973,0.00152589,0.00334932,0.000503544,0.000450136,0.000457766,0.000473024,0.000473024,0.000473024,0.000427248,0.000434877,0.000434877,0.000450136,0.000434877,0.000503544,0.000457766
98,0.00182343,0.00215913,0.0152207,0.023903,0.0379412,0.0613177,0.0867696,0.082253,0.12349,0.131806,0.147279,0.151521,0.152833,0.152474,0.152223,0.151673,0.150201,0.150147,0.146302,0.13411,0.12288,0.105805,0.130296,0.123871,0.141664,0.142083,0.148225,0.150079,0.15281,0.152452,0.152627,0.152925,0.152734,0.152947,0.152772,0.15252,0.150567,0.151315,0.131036,0.11261,0.104676,0.0768743,0.0820241,0.0571978,0.0119019,0.00195314,0.00249483,0.000495914,0.000450136,0.000450136,0.000473024,0.000465395,0.000473024,0.000434877,0.000442507,0.000442507,0.000450136,0.000442507,0.000495914,0.000473024
99,0.00226595,0.00220491,0.0231096,0.0237886,0.059212,0.0609438,0.0858464,0.081574,0.129357,0.131989,0.151475,0.151742,0.152886,0.152825,0.151437,0.151399,0.149285,0.149835,0.138215,0.135179,0.117447,0.111031,0.137628,0.132562,0.148385,0.145715,0.151696,0.151155,0.152871,0.152795,0.152749,0.152864,0.152795,0.152886,0.152558,0.152505,0.149827,0.151254,0.115723,0.112969,0.0833669,0.0771718,0.0628743,0.0575564,0.00315095,0.0020981,0.000473024,0.000495914,0.000450136,0.000450136,0.000473024,0.000473024,0.000450136,0.000434877,0.000450136,0.000450136,0.000450136,0.000442507,0.000480654,0.000473024
